,classifier_id,data_id,attack_id,n,defense_id,id,def_name,classifier_name,train_time,defense_strength,attack_size,attack_name,attack_iter,attack_batch_size,attack_threshold,attack_time,ben_pred_time,ben_acc,ben_cov,ben_mean,ben_std,ben_resid,adv_pred_time,adv_acc,adv_cov,adv_mean,adv_std,adv_resid
4c53621565166d5c3e7a274957c508767b81bce4cb10c2dbc101c79e61bf9aff,b3b7e6b388358a6105fe34a2f4fa07877bda83f4ab03b46ce19b7f62b712fe15d55d01d0341ed0ba2cd99b322e8c5b609254f47d10c7cd12b99b4922effeba44,a39766b372edf58815b9655fd4c457e035a5571caf4d8de0f2a7d0674a748b02,ba66d6357b5f69e110dd369d4e3c12f8268ff6495c1f8576342bcc289465d048,60000,,4c53621565166d5c3e7a274957c508767b81bce4cb10c2dbc101c79e61bf9aff,Control,Default Classifier,882.6060100249999,8.0,100,PGD,10,1024,0.03,48.47965625,41.14115824700001,0.9965,1.0,0.10000000149011612,0.2997525930404663,1.8408773116984634e-10,0.020305620000002023,0.98,1.0,0.10000000149011612,0.29873570799827576,1.8408773116984634e-10
dbe9a59978e9764d80c2f071b54e0a954f7df01f5a1766451db54d1cb660596a,b3b7e6b388358a6105fe34a2f4fa07877bda83f4ab03b46ce19b7f62b712fe15d55d01d0341ed0ba2cd99b322e8c5b609254f47d10c7cd12b99b4922effeba44,a39766b372edf58815b9655fd4c457e035a5571caf4d8de0f2a7d0674a748b02,d23348e919d89f865c3ead00dc1d97662777f6664ca557d4cffecd76636e34ce,60000,,dbe9a59978e9764d80c2f071b54e0a954f7df01f5a1766451db54d1cb660596a,Control,Default Classifier,882.6060100249999,8.0,100,FGM,10,1024,0.03,2.2103198620000057,1.246012755999999,0.9965,1.0,0.10000000149011612,0.2997525930404663,1.8408773116984634e-10,0.014852130999997826,0.98,1.0,0.10000000149011612,0.29874053597450256,1.8408773116984634e-10
398ed44ecaaf7137d902877c669b956003052b4081d66087cdcea7555a7c7be7,b3b7e6b388358a6105fe34a2f4fa07877bda83f4ab03b46ce19b7f62b712fe15d55d01d0341ed0ba2cd99b322e8c5b609254f47d10c7cd12b99b4922effeba44,a39766b372edf58815b9655fd4c457e035a5571caf4d8de0f2a7d0674a748b02,a980e3a638108d57fa0a79d19349b845858659e4d960f4b8effab4ea648f5f2a,60000,,398ed44ecaaf7137d902877c669b956003052b4081d66087cdcea7555a7c7be7,Control,Default Classifier,882.6060100249999,8.0,100,Carlini,10,1024,0.03,1433.910091562,1.2448817169999984,0.9965,1.0,0.10000000149011612,0.2997525930404663,1.8408773116984634e-10,0.015116622000050484,0.99,1.0,0.10000000149011612,0.2999667823314667,1.8408773116984634e-10
dfaf4f4a7f8c308227395a678862e8bf17b8be69bb411e81d2a17f2f5425c6b9,b3b7e6b388358a6105fe34a2f4fa07877bda83f4ab03b46ce19b7f62b712fe15d55d01d0341ed0ba2cd99b322e8c5b609254f47d10c7cd12b99b4922effeba44,a39766b372edf58815b9655fd4c457e035a5571caf4d8de0f2a7d0674a748b02,6d0e4950356a6c88a51a7e7ae6942c8e255051c9337709140b2a0bf2a1dd12ee,60000,,dfaf4f4a7f8c308227395a678862e8bf17b8be69bb411e81d2a17f2f5425c6b9,Control,Default Classifier,882.6060100249999,8.0,100,PixelAttack,10,1024,0.03,11.550572294000176,1.2297229980001703,0.9965,1.0,0.10000000149011612,0.2997525930404663,1.8408773116984634e-10,0.014899666000019351,1.0,1.0,0.10000000149011612,0.29909223318099976,1.8408773116984634e-10
0dd3f0b046022ef1e9f2a1d0863bfd4d5ddc610b940f642868de90aa817960a2,b3b7e6b388358a6105fe34a2f4fa07877bda83f4ab03b46ce19b7f62b712fe15d55d01d0341ed0ba2cd99b322e8c5b609254f47d10c7cd12b99b4922effeba44,a39766b372edf58815b9655fd4c457e035a5571caf4d8de0f2a7d0674a748b02,cdc6a469039efd13dc970ac46c748a56dba5e24094027e456cd1653604b3c38f,60000,,0dd3f0b046022ef1e9f2a1d0863bfd4d5ddc610b940f642868de90aa817960a2,Control,Default Classifier,882.6060100249999,8.0,100,DeepFool,10,1024,0.03,570.4519553989999,1.2659555780001028,0.9965,1.0,0.10000000149011612,0.2997525930404663,1.8408773116984634e-10,0.014935497999886138,0.39,1.0,0.10000000149011612,0.2910296320915222,1.8408773116984634e-10
985b7c999e4a33de7aa80475706586672eb1868254205641728849df455c0950,b3b7e6b388358a6105fe34a2f4fa07877bda83f4ab03b46ce19b7f62b712fe15d55d01d0341ed0ba2cd99b322e8c5b609254f47d10c7cd12b99b4922effeba44,a39766b372edf58815b9655fd4c457e035a5571caf4d8de0f2a7d0674a748b02,c8b54b6f40524cd817fdb82255926fd68da54b961c5378cde675e2311a2b2a4b,60000,,985b7c999e4a33de7aa80475706586672eb1868254205641728849df455c0950,Control,Default Classifier,882.6060100249999,8.0,100,HopSkipJump,10,1024,0.03,403.03089294300025,1.2294349829999192,0.9965,1.0,0.10000000149011612,0.2997525930404663,1.8408773116984634e-10,0.015036897000300087,0.02,1.0,0.10000000149011612,0.297996461391449,1.8408773116984634e-10
a6b972371a116bc361dbbc99c3c2738207384f9b6998b06bb6e9aa01da302a09,b3b7e6b388358a6105fe34a2f4fa07877bda83f4ab03b46ce19b7f62b712fe15d55d01d0341ed0ba2cd99b322e8c5b609254f47d10c7cd12b99b4922effeba44,a39766b372edf58815b9655fd4c457e035a5571caf4d8de0f2a7d0674a748b02,e3cc2d5461ecca7cd52f2de72e000dc59ffba2140ef7dcc1fe786b084216fb06,60000,,a6b972371a116bc361dbbc99c3c2738207384f9b6998b06bb6e9aa01da302a09,Control,Default Classifier,882.6060100249999,8.0,100,AdversarialPatch,10,1024,0.03,99.92154328300012,1.2713729609999973,0.9965,1.0,0.10000000149011612,0.2997525930404663,1.8408773116984634e-10,27.996536874999947,0.0,1.0,0.10000000894069672,0.299306720495224,1.8408773116984634e-10
2e18692080b6913f7aa350fd7363b30f1cd0d0c309aa7da5e9e6157196e5b410,b3b7e6b388358a6105fe34a2f4fa07877bda83f4ab03b46ce19b7f62b712fe15d55d01d0341ed0ba2cd99b322e8c5b609254f47d10c7cd12b99b4922effeba44,a39766b372edf58815b9655fd4c457e035a5571caf4d8de0f2a7d0674a748b02,9e6d12933037b2c398e084883c65e708b8f067077bb0a583c2f752c2a2842f4b,60000,,2e18692080b6913f7aa350fd7363b30f1cd0d0c309aa7da5e9e6157196e5b410,Control,Default Classifier,882.6060100249999,8.0,100,Threshold Attack,10,1024,0.03,62.29920130599976,1.2405118279998533,0.9965,1.0,0.10000000149011612,0.2997525930404663,1.8408773116984634e-10,0.014924352999969415,1.0,1.0,0.10000000149011612,0.29999691247940063,1.8408773116984634e-10
a6affc8fd358fc27b1e3f1b9d51efaa1bf5df1ebc038bd397a8e136e4a102774,8d46d2c5d455b745522414ea1a3d76e31933357cb5dc6fd303687cc7d09fc243d55d01d0341ed0ba2cd99b322e8c5b609254f47d10c7cd12b99b4922effeba44,a39766b372edf58815b9655fd4c457e035a5571caf4d8de0f2a7d0674a748b02,ba66d6357b5f69e110dd369d4e3c12f8268ff6495c1f8576342bcc289465d048,60000,76b45d634992d37e49e5632c4b465099d4aea6674e184cabbc816600a8e1c604,a6affc8fd358fc27b1e3f1b9d51efaa1bf5df1ebc038bd397a8e136e4a102774,Feature Squeezing,Default Classifier,885.69159029,8.0,100,PGD,10,1024,0.03,6.165923606999968,7.32849282799998,0.9944,1.0,0.10000000149011612,0.29964277148246765,1.9593013322882769e-10,0.015812681000170414,1.0,1.0,0.10000000149011612,0.2999970614910126,1.9593013322882769e-10
5dd1cf9827625c56b92611cfb55cffdf88d4d80ef6363e6c982032c479f6a200,8d46d2c5d455b745522414ea1a3d76e31933357cb5dc6fd303687cc7d09fc243d55d01d0341ed0ba2cd99b322e8c5b609254f47d10c7cd12b99b4922effeba44,a39766b372edf58815b9655fd4c457e035a5571caf4d8de0f2a7d0674a748b02,d23348e919d89f865c3ead00dc1d97662777f6664ca557d4cffecd76636e34ce,60000,76b45d634992d37e49e5632c4b465099d4aea6674e184cabbc816600a8e1c604,5dd1cf9827625c56b92611cfb55cffdf88d4d80ef6363e6c982032c479f6a200,Feature Squeezing,Default Classifier,885.69159029,8.0,100,FGM,10,1024,0.03,2.9609231099998397,1.3085829619999458,0.9944,1.0,0.10000000149011612,0.29964277148246765,1.9593013322882769e-10,0.015585588000249118,1.0,1.0,0.10000000149011612,0.29998525977134705,1.9593013322882769e-10
0bfcb546a96986a44dfade3b377fbdf4d36a1e08e3aa2423dad66c9f8a2192d4,8d46d2c5d455b745522414ea1a3d76e31933357cb5dc6fd303687cc7d09fc243d55d01d0341ed0ba2cd99b322e8c5b609254f47d10c7cd12b99b4922effeba44,a39766b372edf58815b9655fd4c457e035a5571caf4d8de0f2a7d0674a748b02,a980e3a638108d57fa0a79d19349b845858659e4d960f4b8effab4ea648f5f2a,60000,76b45d634992d37e49e5632c4b465099d4aea6674e184cabbc816600a8e1c604,0bfcb546a96986a44dfade3b377fbdf4d36a1e08e3aa2423dad66c9f8a2192d4,Feature Squeezing,Default Classifier,885.69159029,8.0,100,Carlini,10,1024,0.03,1502.4423356059997,1.358089860000291,0.9944,1.0,0.10000000149011612,0.29964277148246765,1.9593013322882769e-10,0.016161282999746618,1.0,1.0,0.10000000149011612,0.29999950528144836,1.9593013322882769e-10
ac66e323eb1709d003d3f412a988cba0588b0b52f2a41c78649517732329a870,8d46d2c5d455b745522414ea1a3d76e31933357cb5dc6fd303687cc7d09fc243d55d01d0341ed0ba2cd99b322e8c5b609254f47d10c7cd12b99b4922effeba44,a39766b372edf58815b9655fd4c457e035a5571caf4d8de0f2a7d0674a748b02,6d0e4950356a6c88a51a7e7ae6942c8e255051c9337709140b2a0bf2a1dd12ee,60000,76b45d634992d37e49e5632c4b465099d4aea6674e184cabbc816600a8e1c604,ac66e323eb1709d003d3f412a988cba0588b0b52f2a41c78649517732329a870,Feature Squeezing,Default Classifier,885.69159029,8.0,100,PixelAttack,10,1024,0.03,12.054552206999688,1.3039415080002073,0.9944,1.0,0.10000000149011612,0.29964277148246765,1.9593013322882769e-10,0.01545710299978964,1.0,1.0,0.10000000149011612,0.2999970614910126,1.9593013322882769e-10
f0a579fcb49254ce74bd1e004d085585480f4627d643d46ebe5b6d151d33dbb0,8d46d2c5d455b745522414ea1a3d76e31933357cb5dc6fd303687cc7d09fc243d55d01d0341ed0ba2cd99b322e8c5b609254f47d10c7cd12b99b4922effeba44,a39766b372edf58815b9655fd4c457e035a5571caf4d8de0f2a7d0674a748b02,cdc6a469039efd13dc970ac46c748a56dba5e24094027e456cd1653604b3c38f,60000,76b45d634992d37e49e5632c4b465099d4aea6674e184cabbc816600a8e1c604,f0a579fcb49254ce74bd1e004d085585480f4627d643d46ebe5b6d151d33dbb0,Feature Squeezing,Default Classifier,885.69159029,8.0,100,DeepFool,10,1024,0.03,579.0201864850005,1.3081099689998155,0.9944,1.0,0.10000000149011612,0.29964277148246765,1.9593013322882769e-10,0.015641257999959635,0.63,1.0,0.10000000149011612,0.2934512495994568,1.9593013322882769e-10
85d20d0e57d2be2000fe02aee701d62367656ea02af754072285378c276aa0e7,8d46d2c5d455b745522414ea1a3d76e31933357cb5dc6fd303687cc7d09fc243d55d01d0341ed0ba2cd99b322e8c5b609254f47d10c7cd12b99b4922effeba44,a39766b372edf58815b9655fd4c457e035a5571caf4d8de0f2a7d0674a748b02,b34530f05b636f2dc9f94519068de6020c9a26d0f4392b0861a4851c7fb456c8,60000,76b45d634992d37e49e5632c4b465099d4aea6674e184cabbc816600a8e1c604,85d20d0e57d2be2000fe02aee701d62367656ea02af754072285378c276aa0e7,Feature Squeezing,Default Classifier,885.69159029,8.0,100,HopSkipJump,10,1024,0.03,140.99008200699973,1.301693360000172,0.9944,1.0,0.10000000149011612,0.29964277148246765,1.9593013322882769e-10,0.015728223999758484,0.02,1.0,0.10000000149011612,0.2442299723625183,1.9593013322882769e-10
45c3907983f88cd5f5156d9435aa4db3db875b3c2510772a3d6c1f9a8cb346f0,8d46d2c5d455b745522414ea1a3d76e31933357cb5dc6fd303687cc7d09fc243d55d01d0341ed0ba2cd99b322e8c5b609254f47d10c7cd12b99b4922effeba44,a39766b372edf58815b9655fd4c457e035a5571caf4d8de0f2a7d0674a748b02,e3cc2d5461ecca7cd52f2de72e000dc59ffba2140ef7dcc1fe786b084216fb06,60000,76b45d634992d37e49e5632c4b465099d4aea6674e184cabbc816600a8e1c604,45c3907983f88cd5f5156d9435aa4db3db875b3c2510772a3d6c1f9a8cb346f0,Feature Squeezing,Default Classifier,885.69159029,8.0,100,AdversarialPatch,10,1024,0.03,10.663313577000736,1.3432509570002367,0.9944,1.0,0.10000000149011612,0.29964277148246765,1.9593013322882769e-10,0.006824455999776546,0.0,1.0,0.09999999403953552,0.29999738931655884,1.9593013322882769e-10
4d0be0d97bc4cfc32a1627c20cbc761f2fbfd362d84159398136964f0931c6e2,8d46d2c5d455b745522414ea1a3d76e31933357cb5dc6fd303687cc7d09fc243d55d01d0341ed0ba2cd99b322e8c5b609254f47d10c7cd12b99b4922effeba44,a39766b372edf58815b9655fd4c457e035a5571caf4d8de0f2a7d0674a748b02,9e6d12933037b2c398e084883c65e708b8f067077bb0a583c2f752c2a2842f4b,60000,76b45d634992d37e49e5632c4b465099d4aea6674e184cabbc816600a8e1c604,4d0be0d97bc4cfc32a1627c20cbc761f2fbfd362d84159398136964f0931c6e2,Feature Squeezing,Default Classifier,885.69159029,8.0,100,Threshold Attack,10,1024,0.03,63.497521653999684,1.3001389029996062,0.9944,1.0,0.10000000149011612,0.29964277148246765,1.9593013322882769e-10,0.015869287999521475,1.0,1.0,0.10000000149011612,0.29999950528144836,1.9593013322882769e-10
07fe6d65f51c8e5b1c4009f845a4aac977ff03d9036f61f6a3c0a4be60bbf526,98d1e8b6999efdad228d80c0d9540a61110c89b7e7e81fd68db5f219cf9d6a2bd55d01d0341ed0ba2cd99b322e8c5b609254f47d10c7cd12b99b4922effeba44,a39766b372edf58815b9655fd4c457e035a5571caf4d8de0f2a7d0674a748b02,ba66d6357b5f69e110dd369d4e3c12f8268ff6495c1f8576342bcc289465d048,60000,55006cd434867f3ea2d7e2e18a791bb0b0f6b8f619032507608e4e5b1a2d9cec,07fe6d65f51c8e5b1c4009f845a4aac977ff03d9036f61f6a3c0a4be60bbf526,Gaussian Augmentation,Default Classifier,833.4511026580001,8.0,100,PGD,10,1024,0.03,6.494362804000048,12.678325861999838,0.9964,1.0,0.10000000149011612,0.2997678816318512,1.5569324995912126e-10,0.01607125400005316,0.98,1.0,0.10000000149011612,0.29856404662132263,1.5569324995912126e-10
e31f095aa6bf74d7014627940860f27c6aa0cce474a0286429117ea957c489e5,98d1e8b6999efdad228d80c0d9540a61110c89b7e7e81fd68db5f219cf9d6a2bd55d01d0341ed0ba2cd99b322e8c5b609254f47d10c7cd12b99b4922effeba44,a39766b372edf58815b9655fd4c457e035a5571caf4d8de0f2a7d0674a748b02,d23348e919d89f865c3ead00dc1d97662777f6664ca557d4cffecd76636e34ce,60000,55006cd434867f3ea2d7e2e18a791bb0b0f6b8f619032507608e4e5b1a2d9cec,e31f095aa6bf74d7014627940860f27c6aa0cce474a0286429117ea957c489e5,Gaussian Augmentation,Default Classifier,833.4511026580001,8.0,100,FGM,10,1024,0.03,3.9781736869999804,1.2900785799993173,0.9964,1.0,0.10000000149011612,0.2997678816318512,1.5569324995912126e-10,0.015579455000079179,0.99,1.0,0.10000000149011612,0.2983166575431824,1.5569324995912126e-10
ce139547b8f0e7c4fd3e721562b121ab9b4c9ecacadac5185757a5ec6f2e4d33,98d1e8b6999efdad228d80c0d9540a61110c89b7e7e81fd68db5f219cf9d6a2bd55d01d0341ed0ba2cd99b322e8c5b609254f47d10c7cd12b99b4922effeba44,a39766b372edf58815b9655fd4c457e035a5571caf4d8de0f2a7d0674a748b02,a980e3a638108d57fa0a79d19349b845858659e4d960f4b8effab4ea648f5f2a,60000,55006cd434867f3ea2d7e2e18a791bb0b0f6b8f619032507608e4e5b1a2d9cec,ce139547b8f0e7c4fd3e721562b121ab9b4c9ecacadac5185757a5ec6f2e4d33,Gaussian Augmentation,Default Classifier,833.4511026580001,8.0,100,Carlini,10,1024,0.03,1571.732844227,1.3277257170002486,0.9964,1.0,0.10000000149011612,0.2997678816318512,1.5569324995912126e-10,0.015843862000110676,1.0,1.0,0.10000000149011612,0.2999981641769409,1.5569324995912126e-10
e1a32fc21c1df717da989512b0d6115ea8f2b2bdb0e4cc05ba27868f36848287,98d1e8b6999efdad228d80c0d9540a61110c89b7e7e81fd68db5f219cf9d6a2bd55d01d0341ed0ba2cd99b322e8c5b609254f47d10c7cd12b99b4922effeba44,a39766b372edf58815b9655fd4c457e035a5571caf4d8de0f2a7d0674a748b02,6d0e4950356a6c88a51a7e7ae6942c8e255051c9337709140b2a0bf2a1dd12ee,60000,55006cd434867f3ea2d7e2e18a791bb0b0f6b8f619032507608e4e5b1a2d9cec,e1a32fc21c1df717da989512b0d6115ea8f2b2bdb0e4cc05ba27868f36848287,Gaussian Augmentation,Default Classifier,833.4511026580001,8.0,100,PixelAttack,10,1024,0.03,11.852076364999448,1.2719030959997326,0.9964,1.0,0.10000000149011612,0.2997678816318512,1.5569324995912126e-10,0.015168513000389794,0.99,1.0,0.10000000149011612,0.29946044087409973,1.5569324995912126e-10
ed267e0289c45ae2832f9302863fbf2cdd3a6e2986abbe652fab598531286bfe,98d1e8b6999efdad228d80c0d9540a61110c89b7e7e81fd68db5f219cf9d6a2bd55d01d0341ed0ba2cd99b322e8c5b609254f47d10c7cd12b99b4922effeba44,a39766b372edf58815b9655fd4c457e035a5571caf4d8de0f2a7d0674a748b02,cdc6a469039efd13dc970ac46c748a56dba5e24094027e456cd1653604b3c38f,60000,55006cd434867f3ea2d7e2e18a791bb0b0f6b8f619032507608e4e5b1a2d9cec,ed267e0289c45ae2832f9302863fbf2cdd3a6e2986abbe652fab598531286bfe,Gaussian Augmentation,Default Classifier,833.4511026580001,8.0,100,DeepFool,10,1024,0.03,586.3559397509998,1.323754086000008,0.9964,1.0,0.10000000149011612,0.2997678816318512,1.5569324995912126e-10,0.015735009999843896,0.39,1.0,0.10000000149011612,0.2892298400402069,1.5569324995912126e-10
50db979701b0b704fcb2d2d82d178e8f9516294ff323aaf94c8105c123875e7c,98d1e8b6999efdad228d80c0d9540a61110c89b7e7e81fd68db5f219cf9d6a2bd55d01d0341ed0ba2cd99b322e8c5b609254f47d10c7cd12b99b4922effeba44,a39766b372edf58815b9655fd4c457e035a5571caf4d8de0f2a7d0674a748b02,b34530f05b636f2dc9f94519068de6020c9a26d0f4392b0861a4851c7fb456c8,60000,55006cd434867f3ea2d7e2e18a791bb0b0f6b8f619032507608e4e5b1a2d9cec,50db979701b0b704fcb2d2d82d178e8f9516294ff323aaf94c8105c123875e7c,Gaussian Augmentation,Default Classifier,833.4511026580001,8.0,100,HopSkipJump,10,1024,0.03,135.51671898599943,1.27031928300039,0.9964,1.0,0.10000000149011612,0.2997678816318512,1.5569324995912126e-10,0.015178485000433284,0.02,1.0,0.10000000894069672,0.2974279224872589,1.5569324995912126e-10
fc91c2401163521e8222ea1592b5fcf4f377337e909600c00b6c7052534658de,98d1e8b6999efdad228d80c0d9540a61110c89b7e7e81fd68db5f219cf9d6a2bd55d01d0341ed0ba2cd99b322e8c5b609254f47d10c7cd12b99b4922effeba44,a39766b372edf58815b9655fd4c457e035a5571caf4d8de0f2a7d0674a748b02,e3cc2d5461ecca7cd52f2de72e000dc59ffba2140ef7dcc1fe786b084216fb06,60000,55006cd434867f3ea2d7e2e18a791bb0b0f6b8f619032507608e4e5b1a2d9cec,fc91c2401163521e8222ea1592b5fcf4f377337e909600c00b6c7052534658de,Gaussian Augmentation,Default Classifier,833.4511026580001,8.0,100,AdversarialPatch,10,1024,0.03,10.794830983000793,1.329514908999954,0.9964,1.0,0.10000000149011612,0.2997678816318512,1.5569324995912126e-10,0.007378975000392529,0.0,1.0,0.09999999403953552,0.2999866008758545,1.5569324995912126e-10
ecec154268df584406e4608e67e95a698abea844693cc3e9c3e92d04c9e2c409,98d1e8b6999efdad228d80c0d9540a61110c89b7e7e81fd68db5f219cf9d6a2bd55d01d0341ed0ba2cd99b322e8c5b609254f47d10c7cd12b99b4922effeba44,a39766b372edf58815b9655fd4c457e035a5571caf4d8de0f2a7d0674a748b02,9e6d12933037b2c398e084883c65e708b8f067077bb0a583c2f752c2a2842f4b,60000,55006cd434867f3ea2d7e2e18a791bb0b0f6b8f619032507608e4e5b1a2d9cec,ecec154268df584406e4608e67e95a698abea844693cc3e9c3e92d04c9e2c409,Gaussian Augmentation,Default Classifier,833.4511026580001,8.0,100,Threshold Attack,10,1024,0.03,66.01220628400006,1.2603243089997704,0.9964,1.0,0.10000000149011612,0.2997678816318512,1.5569324995912126e-10,0.015419340999869746,1.0,1.0,0.10000000149011612,0.2999981641769409,1.5569324995912126e-10
1c06101cd7341f6e4e0a4d939bfc9d2e1390fe6cf68681ea1228ff0f654bc705,a1ccb7527c2110f5a88dc58a03748eab4ff8632f0f61d0c175b0157759a8835ad55d01d0341ed0ba2cd99b322e8c5b609254f47d10c7cd12b99b4922effeba44,a39766b372edf58815b9655fd4c457e035a5571caf4d8de0f2a7d0674a748b02,ba66d6357b5f69e110dd369d4e3c12f8268ff6495c1f8576342bcc289465d048,60000,8b6a5987a1317d1c618c79a0f87178408d28e2240126b9909d7dc9b941306c63,1c06101cd7341f6e4e0a4d939bfc9d2e1390fe6cf68681ea1228ff0f654bc705,Spatial Smoothing,Default Classifier,824.7608466520003,8.0,100,PGD,10,1024,0.03,4.76581090900072,17.244260067999676,0.9952,1.0,0.10000000149011612,0.29973074793815613,2.314196195785101e-10,0.018705086999943887,0.99,1.0,0.10000000149011612,0.29915934801101685,2.314196195785101e-10
c6ad8702ec11c986e3b98d6feb798e6e28de8a76174d44b595f5196d4bcd0c0c,a1ccb7527c2110f5a88dc58a03748eab4ff8632f0f61d0c175b0157759a8835ad55d01d0341ed0ba2cd99b322e8c5b609254f47d10c7cd12b99b4922effeba44,a39766b372edf58815b9655fd4c457e035a5571caf4d8de0f2a7d0674a748b02,d23348e919d89f865c3ead00dc1d97662777f6664ca557d4cffecd76636e34ce,60000,8b6a5987a1317d1c618c79a0f87178408d28e2240126b9909d7dc9b941306c63,c6ad8702ec11c986e3b98d6feb798e6e28de8a76174d44b595f5196d4bcd0c0c,Spatial Smoothing,Default Classifier,824.7608466520003,8.0,100,FGM,10,1024,0.03,4.987225136000234,1.5274998229997436,0.9952,1.0,0.10000000149011612,0.29973074793815613,2.314196195785101e-10,0.01885229699928459,0.99,1.0,0.10000000149011612,0.2993346154689789,2.314196195785101e-10
da0d2ffb3df8c9cc80de4e3bebc0edc9e0b5a1966b24e777db3b3ad52e3f9c33,a1ccb7527c2110f5a88dc58a03748eab4ff8632f0f61d0c175b0157759a8835ad55d01d0341ed0ba2cd99b322e8c5b609254f47d10c7cd12b99b4922effeba44,a39766b372edf58815b9655fd4c457e035a5571caf4d8de0f2a7d0674a748b02,a980e3a638108d57fa0a79d19349b845858659e4d960f4b8effab4ea648f5f2a,60000,8b6a5987a1317d1c618c79a0f87178408d28e2240126b9909d7dc9b941306c63,da0d2ffb3df8c9cc80de4e3bebc0edc9e0b5a1966b24e777db3b3ad52e3f9c33,Spatial Smoothing,Default Classifier,824.7608466520003,8.0,100,Carlini,10,1024,0.03,1729.883865490001,1.5817744770010904,0.9952,1.0,0.10000000149011612,0.29973074793815613,2.314196195785101e-10,0.018684516000575968,0.99,1.0,0.10000000149011612,0.29997044801712036,2.314196195785101e-10
6b40101583b8a5667d946e64566aafc3d075043e4755a638879afa246958da5c,a1ccb7527c2110f5a88dc58a03748eab4ff8632f0f61d0c175b0157759a8835ad55d01d0341ed0ba2cd99b322e8c5b609254f47d10c7cd12b99b4922effeba44,a39766b372edf58815b9655fd4c457e035a5571caf4d8de0f2a7d0674a748b02,6d0e4950356a6c88a51a7e7ae6942c8e255051c9337709140b2a0bf2a1dd12ee,60000,8b6a5987a1317d1c618c79a0f87178408d28e2240126b9909d7dc9b941306c63,6b40101583b8a5667d946e64566aafc3d075043e4755a638879afa246958da5c,Spatial Smoothing,Default Classifier,824.7608466520003,8.0,100,PixelAttack,10,1024,0.03,13.389247730001443,1.5580072619995917,0.9952,1.0,0.10000000149011612,0.29973074793815613,2.314196195785101e-10,0.01821710200056259,1.0,1.0,0.10000000149011612,0.2999934256076813,2.314196195785101e-10
17a910b502215b99943edd93ac829948f124a1165b7ccd5ef2218ecee1223eb5,a1ccb7527c2110f5a88dc58a03748eab4ff8632f0f61d0c175b0157759a8835ad55d01d0341ed0ba2cd99b322e8c5b609254f47d10c7cd12b99b4922effeba44,a39766b372edf58815b9655fd4c457e035a5571caf4d8de0f2a7d0674a748b02,cdc6a469039efd13dc970ac46c748a56dba5e24094027e456cd1653604b3c38f,60000,8b6a5987a1317d1c618c79a0f87178408d28e2240126b9909d7dc9b941306c63,17a910b502215b99943edd93ac829948f124a1165b7ccd5ef2218ecee1223eb5,Spatial Smoothing,Default Classifier,824.7608466520003,8.0,100,DeepFool,10,1024,0.03,584.7992361239994,1.5510683600004995,0.9952,1.0,0.10000000149011612,0.29973074793815613,2.314196195785101e-10,0.019499701000313507,0.43,1.0,0.10000000149011612,0.2857305705547333,2.314196195785101e-10
e30b7432e918c66b979e31c218e2ecf3477739fe1ab0114358be01a62faecb85,a1ccb7527c2110f5a88dc58a03748eab4ff8632f0f61d0c175b0157759a8835ad55d01d0341ed0ba2cd99b322e8c5b609254f47d10c7cd12b99b4922effeba44,a39766b372edf58815b9655fd4c457e035a5571caf4d8de0f2a7d0674a748b02,b34530f05b636f2dc9f94519068de6020c9a26d0f4392b0861a4851c7fb456c8,60000,8b6a5987a1317d1c618c79a0f87178408d28e2240126b9909d7dc9b941306c63,e30b7432e918c66b979e31c218e2ecf3477739fe1ab0114358be01a62faecb85,Spatial Smoothing,Default Classifier,824.7608466520003,8.0,100,HopSkipJump,10,1024,0.03,155.1189713069998,1.568327742999827,0.9952,1.0,0.10000000149011612,0.29973074793815613,2.314196195785101e-10,0.020125476001339848,0.02,1.0,0.10000000149011612,0.2952624261379242,2.314196195785101e-10
bf5d43e0748fa779936cb48a12db3db52e1e9027600ae8fda4e8ecac99a63c65,a1ccb7527c2110f5a88dc58a03748eab4ff8632f0f61d0c175b0157759a8835ad55d01d0341ed0ba2cd99b322e8c5b609254f47d10c7cd12b99b4922effeba44,a39766b372edf58815b9655fd4c457e035a5571caf4d8de0f2a7d0674a748b02,e3cc2d5461ecca7cd52f2de72e000dc59ffba2140ef7dcc1fe786b084216fb06,60000,8b6a5987a1317d1c618c79a0f87178408d28e2240126b9909d7dc9b941306c63,bf5d43e0748fa779936cb48a12db3db52e1e9027600ae8fda4e8ecac99a63c65,Spatial Smoothing,Default Classifier,824.7608466520003,8.0,100,AdversarialPatch,10,1024,0.03,10.501427383000191,1.5769347209989064,0.9952,1.0,0.10000000149011612,0.29973074793815613,2.314196195785101e-10,0.008522942000126932,0.0,1.0,0.10000000149011612,0.29999127984046936,2.314196195785101e-10
ec765ab39c91e71ea983fc11f503160aa781e50270ace65d233f5ca4e6262ead,a1ccb7527c2110f5a88dc58a03748eab4ff8632f0f61d0c175b0157759a8835ad55d01d0341ed0ba2cd99b322e8c5b609254f47d10c7cd12b99b4922effeba44,a39766b372edf58815b9655fd4c457e035a5571caf4d8de0f2a7d0674a748b02,9e6d12933037b2c398e084883c65e708b8f067077bb0a583c2f752c2a2842f4b,60000,8b6a5987a1317d1c618c79a0f87178408d28e2240126b9909d7dc9b941306c63,ec765ab39c91e71ea983fc11f503160aa781e50270ace65d233f5ca4e6262ead,Spatial Smoothing,Default Classifier,824.7608466520003,8.0,100,Threshold Attack,10,1024,0.03,115.67015246600022,1.5663926069992158,0.9952,1.0,0.10000000149011612,0.29973074793815613,2.314196195785101e-10,0.01866721199985477,1.0,1.0,0.10000000149011612,0.2999928891658783,2.314196195785101e-10
7cab3c26c74bda39f2e0f420a619de56053520023aa4abf3c5f001738c8829f7,a881455d5dd828b51adec3b1a3078f7ccb279e26640127056453139ced472a03d55d01d0341ed0ba2cd99b322e8c5b609254f47d10c7cd12b99b4922effeba44,a39766b372edf58815b9655fd4c457e035a5571caf4d8de0f2a7d0674a748b02,ba66d6357b5f69e110dd369d4e3c12f8268ff6495c1f8576342bcc289465d048,60000,ec4b30749a99081c289cefaee8c5feb0e1697489bce45f805735930399a58c46,7cab3c26c74bda39f2e0f420a619de56053520023aa4abf3c5f001738c8829f7,Label Smoothing,Default Classifier,793.7565311999997,8.0,100,PGD,10,1024,0.03,6.074595899999622,22.026010513000074,0.9964,1.0,0.10000000149011612,0.299748957157135,1.8367274368102926e-10,0.016071056999862776,0.98,1.0,0.10000000149011612,0.298501193523407,1.8367274368102926e-10
cfdbc31f5c6af6630e61b5c457bff02dfbc71e257564de7f0a7a53c1f0983ce5,a881455d5dd828b51adec3b1a3078f7ccb279e26640127056453139ced472a03d55d01d0341ed0ba2cd99b322e8c5b609254f47d10c7cd12b99b4922effeba44,a39766b372edf58815b9655fd4c457e035a5571caf4d8de0f2a7d0674a748b02,d23348e919d89f865c3ead00dc1d97662777f6664ca557d4cffecd76636e34ce,60000,ec4b30749a99081c289cefaee8c5feb0e1697489bce45f805735930399a58c46,cfdbc31f5c6af6630e61b5c457bff02dfbc71e257564de7f0a7a53c1f0983ce5,Label Smoothing,Default Classifier,793.7565311999997,8.0,100,FGM,10,1024,0.03,6.1882779320003465,1.3516188529993087,0.9964,1.0,0.10000000149011612,0.299748957157135,1.8367274368102926e-10,0.016255577998890658,0.98,1.0,0.10000000149011612,0.29859158396720886,1.8367274368102926e-10
37b88ce6336e10543b3a4092e1ee82c5165563b40a033b3ea3537859aeaf39ff,a881455d5dd828b51adec3b1a3078f7ccb279e26640127056453139ced472a03d55d01d0341ed0ba2cd99b322e8c5b609254f47d10c7cd12b99b4922effeba44,a39766b372edf58815b9655fd4c457e035a5571caf4d8de0f2a7d0674a748b02,a980e3a638108d57fa0a79d19349b845858659e4d960f4b8effab4ea648f5f2a,60000,ec4b30749a99081c289cefaee8c5feb0e1697489bce45f805735930399a58c46,37b88ce6336e10543b3a4092e1ee82c5165563b40a033b3ea3537859aeaf39ff,Label Smoothing,Default Classifier,793.7565311999997,8.0,100,Carlini,10,1024,0.03,1808.9533773990006,1.340730114001417,0.9964,1.0,0.10000000149011612,0.299748957157135,1.8367274368102926e-10,0.016151681000337703,0.99,1.0,0.10000000149011612,0.29998186230659485,1.8367274368102926e-10
a3785f113a7e43dcbe767e2e78025f1196f1f9e10c3d97ba311f8df8b0c3c55e,a881455d5dd828b51adec3b1a3078f7ccb279e26640127056453139ced472a03d55d01d0341ed0ba2cd99b322e8c5b609254f47d10c7cd12b99b4922effeba44,a39766b372edf58815b9655fd4c457e035a5571caf4d8de0f2a7d0674a748b02,6d0e4950356a6c88a51a7e7ae6942c8e255051c9337709140b2a0bf2a1dd12ee,60000,ec4b30749a99081c289cefaee8c5feb0e1697489bce45f805735930399a58c46,a3785f113a7e43dcbe767e2e78025f1196f1f9e10c3d97ba311f8df8b0c3c55e,Label Smoothing,Default Classifier,793.7565311999997,8.0,100,PixelAttack,10,1024,0.03,13.22284423400015,1.333273984000698,0.9964,1.0,0.10000000149011612,0.299748957157135,1.8367274368102926e-10,0.016120750000482076,1.0,1.0,0.10000000149011612,0.29999637603759766,1.8367274368102926e-10
93b1ff327ef0d0bd598ebd481c2adfaa0c1682600654b64dd03273ec53ff6f4e,a881455d5dd828b51adec3b1a3078f7ccb279e26640127056453139ced472a03d55d01d0341ed0ba2cd99b322e8c5b609254f47d10c7cd12b99b4922effeba44,a39766b372edf58815b9655fd4c457e035a5571caf4d8de0f2a7d0674a748b02,cdc6a469039efd13dc970ac46c748a56dba5e24094027e456cd1653604b3c38f,60000,ec4b30749a99081c289cefaee8c5feb0e1697489bce45f805735930399a58c46,93b1ff327ef0d0bd598ebd481c2adfaa0c1682600654b64dd03273ec53ff6f4e,Label Smoothing,Default Classifier,793.7565311999997,8.0,100,DeepFool,10,1024,0.03,577.6079664809986,1.344650154998817,0.9964,1.0,0.10000000149011612,0.299748957157135,1.8367274368102926e-10,0.016208785000344506,0.38,1.0,0.10000000149011612,0.2888897955417633,1.8367274368102926e-10
839e3930a3c08d936e4d49276e73f14e46eea4bd3869f847148d4b714ff6ecb7,a881455d5dd828b51adec3b1a3078f7ccb279e26640127056453139ced472a03d55d01d0341ed0ba2cd99b322e8c5b609254f47d10c7cd12b99b4922effeba44,a39766b372edf58815b9655fd4c457e035a5571caf4d8de0f2a7d0674a748b02,b34530f05b636f2dc9f94519068de6020c9a26d0f4392b0861a4851c7fb456c8,60000,ec4b30749a99081c289cefaee8c5feb0e1697489bce45f805735930399a58c46,839e3930a3c08d936e4d49276e73f14e46eea4bd3869f847148d4b714ff6ecb7,Label Smoothing,Default Classifier,793.7565311999997,8.0,100,HopSkipJump,10,1024,0.03,149.33095793999928,1.3344768569986627,0.9964,1.0,0.10000000149011612,0.299748957157135,1.8367274368102926e-10,0.016234467999311164,0.02,1.0,0.10000000149011612,0.2967778742313385,1.8367274368102926e-10
4e19a717a5f1c3f98a17fa603ac0582b17d435edc2ad86e6592f0a345d04480a,a881455d5dd828b51adec3b1a3078f7ccb279e26640127056453139ced472a03d55d01d0341ed0ba2cd99b322e8c5b609254f47d10c7cd12b99b4922effeba44,a39766b372edf58815b9655fd4c457e035a5571caf4d8de0f2a7d0674a748b02,e3cc2d5461ecca7cd52f2de72e000dc59ffba2140ef7dcc1fe786b084216fb06,60000,ec4b30749a99081c289cefaee8c5feb0e1697489bce45f805735930399a58c46,4e19a717a5f1c3f98a17fa603ac0582b17d435edc2ad86e6592f0a345d04480a,Label Smoothing,Default Classifier,793.7565311999997,8.0,100,AdversarialPatch,10,1024,0.03,10.517519807999633,1.3426769329998933,0.9964,1.0,0.10000000149011612,0.299748957157135,1.8367274368102926e-10,0.00700964400130033,0.0,1.0,0.10000000149011612,0.2999642789363861,1.8367274368102926e-10
886e496042a7f90e63f1a56a2e5fe689d26b41a3e8f88e7ca8c778a328668597,a881455d5dd828b51adec3b1a3078f7ccb279e26640127056453139ced472a03d55d01d0341ed0ba2cd99b322e8c5b609254f47d10c7cd12b99b4922effeba44,a39766b372edf58815b9655fd4c457e035a5571caf4d8de0f2a7d0674a748b02,9e6d12933037b2c398e084883c65e708b8f067077bb0a583c2f752c2a2842f4b,60000,ec4b30749a99081c289cefaee8c5feb0e1697489bce45f805735930399a58c46,886e496042a7f90e63f1a56a2e5fe689d26b41a3e8f88e7ca8c778a328668597,Label Smoothing,Default Classifier,793.7565311999997,8.0,100,Threshold Attack,10,1024,0.03,39.12236745300106,1.3366540750012064,0.9964,1.0,0.10000000149011612,0.299748957157135,1.8367274368102926e-10,0.016308661000948632,1.0,1.0,0.10000000149011612,0.29999664425849915,1.8367274368102926e-10
1f19593eb2b587fe120c0fe271ae619aa1c4ea28419dec078f599bf143502bad,b82fe0d4255d553d5d7b410ba08f64cb3bda3d0dff1914de2ab6b137fd9ab3bad55d01d0341ed0ba2cd99b322e8c5b609254f47d10c7cd12b99b4922effeba44,a39766b372edf58815b9655fd4c457e035a5571caf4d8de0f2a7d0674a748b02,ba66d6357b5f69e110dd369d4e3c12f8268ff6495c1f8576342bcc289465d048,60000,1a53587c92d814c22d809a71545fd03c3c730a908d25e88131d2d0e98f6afd17,1f19593eb2b587fe120c0fe271ae619aa1c4ea28419dec078f599bf143502bad,Total Variance Minimization,Default Classifier,784.8391723139998,8.0,100,PGD,10,1024,0.03,6.387393114000588,83.02406220800003,0.1786,1.0,0.10000000149011612,0.29343801736831665,-5.340576314516454e-10,0.6092878060007934,0.33,1.0,0.10000000149011612,0.28652751445770264,-5.340576314516454e-10
567f51477966e0e078cfc8734b97dc416eda129f96bb6f7d4f6232d0ec9c844b,b82fe0d4255d553d5d7b410ba08f64cb3bda3d0dff1914de2ab6b137fd9ab3bad55d01d0341ed0ba2cd99b322e8c5b609254f47d10c7cd12b99b4922effeba44,a39766b372edf58815b9655fd4c457e035a5571caf4d8de0f2a7d0674a748b02,d23348e919d89f865c3ead00dc1d97662777f6664ca557d4cffecd76636e34ce,60000,1a53587c92d814c22d809a71545fd03c3c730a908d25e88131d2d0e98f6afd17,567f51477966e0e078cfc8734b97dc416eda129f96bb6f7d4f6232d0ec9c844b,Total Variance Minimization,Default Classifier,784.8391723139998,8.0,100,FGM,10,1024,0.03,9.029416944998957,58.28561755100054,0.1808,1.0,0.10000000894069672,0.2933286726474762,-4.142522713745933e-10,0.5983983650003211,0.33,1.0,0.10000000149011612,0.2902084290981293,-4.142522713745933e-10
3e4c3f1c85e09bbd1ffe9ec8491068d76e242336089d04e17d4dc66e3d4fe4c5,b82fe0d4255d553d5d7b410ba08f64cb3bda3d0dff1914de2ab6b137fd9ab3bad55d01d0341ed0ba2cd99b322e8c5b609254f47d10c7cd12b99b4922effeba44,a39766b372edf58815b9655fd4c457e035a5571caf4d8de0f2a7d0674a748b02,a980e3a638108d57fa0a79d19349b845858659e4d960f4b8effab4ea648f5f2a,60000,1a53587c92d814c22d809a71545fd03c3c730a908d25e88131d2d0e98f6afd17,3e4c3f1c85e09bbd1ffe9ec8491068d76e242336089d04e17d4dc66e3d4fe4c5,Total Variance Minimization,Default Classifier,784.8391723139998,8.0,100,Carlini,10,1024,0.03,2293.332147444,55.741783104000206,0.1803,1.0,0.10000000149011612,0.29348838329315186,-6.60419441356197e-10,0.5842660319976858,0.25,1.0,0.10000000149011612,0.28825753927230835,-6.60419441356197e-10
015218ec7a6c49f194a3b5e6fa4b24c1c7f5a97eac4375799478683f74efaa9b,b82fe0d4255d553d5d7b410ba08f64cb3bda3d0dff1914de2ab6b137fd9ab3bad55d01d0341ed0ba2cd99b322e8c5b609254f47d10c7cd12b99b4922effeba44,a39766b372edf58815b9655fd4c457e035a5571caf4d8de0f2a7d0674a748b02,6d0e4950356a6c88a51a7e7ae6942c8e255051c9337709140b2a0bf2a1dd12ee,60000,1a53587c92d814c22d809a71545fd03c3c730a908d25e88131d2d0e98f6afd17,015218ec7a6c49f194a3b5e6fa4b24c1c7f5a97eac4375799478683f74efaa9b,Total Variance Minimization,Default Classifier,784.8391723139998,8.0,100,PixelAttack,10,1024,0.03,63.88438454300194,57.70095456100171,0.1793,1.0,0.10000000149011612,0.2933368384838104,-4.6133993847341515e-10,0.6552499539975543,0.26,1.0,0.10000000149011612,0.290863573551178,-4.6133993847341515e-10
722a960f1b6de1bb22721a0e7a4f8a053f332003a6039108e1c965017a1a2f2b,b82fe0d4255d553d5d7b410ba08f64cb3bda3d0dff1914de2ab6b137fd9ab3bad55d01d0341ed0ba2cd99b322e8c5b609254f47d10c7cd12b99b4922effeba44,a39766b372edf58815b9655fd4c457e035a5571caf4d8de0f2a7d0674a748b02,cdc6a469039efd13dc970ac46c748a56dba5e24094027e456cd1653604b3c38f,60000,1a53587c92d814c22d809a71545fd03c3c730a908d25e88131d2d0e98f6afd17,722a960f1b6de1bb22721a0e7a4f8a053f332003a6039108e1c965017a1a2f2b,Total Variance Minimization,Default Classifier,784.8391723139998,8.0,100,DeepFool,10,1024,0.03,718.1666115379994,58.68175513100141,0.18,1.0,0.10000000149011612,0.2934863567352295,-3.4809113924616497e-10,0.6993884549992799,0.31,1.0,0.10000000149011612,0.27309107780456543,-3.4809113924616497e-10
6877d081e7f266a6ed96e56ecf0a97c21c00e2060de89bc85b04bff54f2df7ff,b82fe0d4255d553d5d7b410ba08f64cb3bda3d0dff1914de2ab6b137fd9ab3bad55d01d0341ed0ba2cd99b322e8c5b609254f47d10c7cd12b99b4922effeba44,a39766b372edf58815b9655fd4c457e035a5571caf4d8de0f2a7d0674a748b02,b34530f05b636f2dc9f94519068de6020c9a26d0f4392b0861a4851c7fb456c8,60000,1a53587c92d814c22d809a71545fd03c3c730a908d25e88131d2d0e98f6afd17,6877d081e7f266a6ed96e56ecf0a97c21c00e2060de89bc85b04bff54f2df7ff,Total Variance Minimization,Default Classifier,784.8391723139998,8.0,100,HopSkipJump,10,1024,0.03,349.26541162300055,55.779130386999896,0.1814,1.0,0.10000000149011612,0.2934081256389618,-3.7491321158711344e-10,0.5649720660003368,0.17,1.0,0.10000000149011612,0.2873874008655548,-3.7491321158711344e-10
be95d85aebbe8f5f057e8d9c88369a2aa0877ad4196c810ae785e2e622821ec3,b82fe0d4255d553d5d7b410ba08f64cb3bda3d0dff1914de2ab6b137fd9ab3bad55d01d0341ed0ba2cd99b322e8c5b609254f47d10c7cd12b99b4922effeba44,a39766b372edf58815b9655fd4c457e035a5571caf4d8de0f2a7d0674a748b02,e3cc2d5461ecca7cd52f2de72e000dc59ffba2140ef7dcc1fe786b084216fb06,60000,1a53587c92d814c22d809a71545fd03c3c730a908d25e88131d2d0e98f6afd17,be95d85aebbe8f5f057e8d9c88369a2aa0877ad4196c810ae785e2e622821ec3,Total Variance Minimization,Default Classifier,784.8391723139998,8.0,100,AdversarialPatch,10,1024,0.03,10.494753920000221,58.49506288200064,0.1812,1.0,0.10000000149011612,0.2933688759803772,-4.4226647344380865e-10,0.022050330000638496,0.0,1.0,0.10000000894069672,0.2264995276927948,-4.4226647344380865e-10
bb2230848a9614330ed9f0fac5430e7b745d92732af411f5788f66d54b7e62bd,b82fe0d4255d553d5d7b410ba08f64cb3bda3d0dff1914de2ab6b137fd9ab3bad55d01d0341ed0ba2cd99b322e8c5b609254f47d10c7cd12b99b4922effeba44,a39766b372edf58815b9655fd4c457e035a5571caf4d8de0f2a7d0674a748b02,9e6d12933037b2c398e084883c65e708b8f067077bb0a583c2f752c2a2842f4b,60000,1a53587c92d814c22d809a71545fd03c3c730a908d25e88131d2d0e98f6afd17,bb2230848a9614330ed9f0fac5430e7b745d92732af411f5788f66d54b7e62bd,Total Variance Minimization,Default Classifier,784.8391723139998,8.0,100,Threshold Attack,10,1024,0.03,625.567521631001,60.08338907099824,0.1809,1.0,0.10000000149011612,0.29344990849494934,-4.142522713745933e-10,0.6388760900008492,0.25,1.0,0.10000000149011612,0.2892422676086426,-4.142522713745933e-10
c689557dea06a1fe3f0f347f603158b96ca2a4e4e29f8b4045e1730c3f7fa3ad,12ba572c756e98e382c6cd01c1d7620c20243d807e75fe9f1a77b37ed8c4173fd55d01d0341ed0ba2cd99b322e8c5b609254f47d10c7cd12b99b4922effeba44,a39766b372edf58815b9655fd4c457e035a5571caf4d8de0f2a7d0674a748b02,ba66d6357b5f69e110dd369d4e3c12f8268ff6495c1f8576342bcc289465d048,60000,4750e668ae1fc515e8df0410f2684a00cc53b3bf6c958a07fada8753608a6eae,c689557dea06a1fe3f0f347f603158b96ca2a4e4e29f8b4045e1730c3f7fa3ad,Class Labels,Default Classifier,753.6615415920005,8.0,100,PGD,10,1024,0.03,6.226286048000475,33.52158729000075,0.098,1.0,1.0,0.0,0.8999999761581421,0.016587623998930212,0.08,1.0,1.0,0.0,0.8999999761581421
7cd66e0321e1617b9cb1c89cd92bf8a24d08e4caa6439dfa22134347edc451a4,12ba572c756e98e382c6cd01c1d7620c20243d807e75fe9f1a77b37ed8c4173fd55d01d0341ed0ba2cd99b322e8c5b609254f47d10c7cd12b99b4922effeba44,a39766b372edf58815b9655fd4c457e035a5571caf4d8de0f2a7d0674a748b02,d23348e919d89f865c3ead00dc1d97662777f6664ca557d4cffecd76636e34ce,60000,4750e668ae1fc515e8df0410f2684a00cc53b3bf6c958a07fada8753608a6eae,7cd66e0321e1617b9cb1c89cd92bf8a24d08e4caa6439dfa22134347edc451a4,Class Labels,Default Classifier,753.6615415920005,8.0,100,FGM,10,1024,0.03,8.48331123800017,1.4168824389998917,0.098,1.0,1.0,0.0,0.8999999761581421,0.016381166999053676,0.08,1.0,1.0,0.0,0.8999999761581421
190eeea792dde4775d488b115f3a5767e75fa4f65781e0ed3d6bdfd392c066c5,12ba572c756e98e382c6cd01c1d7620c20243d807e75fe9f1a77b37ed8c4173fd55d01d0341ed0ba2cd99b322e8c5b609254f47d10c7cd12b99b4922effeba44,a39766b372edf58815b9655fd4c457e035a5571caf4d8de0f2a7d0674a748b02,a980e3a638108d57fa0a79d19349b845858659e4d960f4b8effab4ea648f5f2a,60000,4750e668ae1fc515e8df0410f2684a00cc53b3bf6c958a07fada8753608a6eae,190eeea792dde4775d488b115f3a5767e75fa4f65781e0ed3d6bdfd392c066c5,Class Labels,Default Classifier,753.6615415920005,8.0,100,Carlini,10,1024,0.03,1962.659572859,1.4258728700006031,0.098,1.0,1.0,0.0,0.8999999761581421,0.016350768000847893,0.08,1.0,1.0,0.0,0.8999999761581421
f31c97933ed03a2f36ca6f83606e09c50fe5f5e557068021ef3b2819b854e9b9,12ba572c756e98e382c6cd01c1d7620c20243d807e75fe9f1a77b37ed8c4173fd55d01d0341ed0ba2cd99b322e8c5b609254f47d10c7cd12b99b4922effeba44,a39766b372edf58815b9655fd4c457e035a5571caf4d8de0f2a7d0674a748b02,6d0e4950356a6c88a51a7e7ae6942c8e255051c9337709140b2a0bf2a1dd12ee,60000,4750e668ae1fc515e8df0410f2684a00cc53b3bf6c958a07fada8753608a6eae,f31c97933ed03a2f36ca6f83606e09c50fe5f5e557068021ef3b2819b854e9b9,Class Labels,Default Classifier,753.6615415920005,8.0,100,PixelAttack,10,1024,0.03,13.481411909000599,1.418209592000494,0.098,1.0,1.0,0.0,0.8999999761581421,0.01601001899689436,0.08,1.0,1.0,0.0,0.8999999761581421
c2080717c1e76a1ee47428cce6e607836a8d69d42378a45b4f129dfb527a4b1c,12ba572c756e98e382c6cd01c1d7620c20243d807e75fe9f1a77b37ed8c4173fd55d01d0341ed0ba2cd99b322e8c5b609254f47d10c7cd12b99b4922effeba44,a39766b372edf58815b9655fd4c457e035a5571caf4d8de0f2a7d0674a748b02,cdc6a469039efd13dc970ac46c748a56dba5e24094027e456cd1653604b3c38f,60000,4750e668ae1fc515e8df0410f2684a00cc53b3bf6c958a07fada8753608a6eae,c2080717c1e76a1ee47428cce6e607836a8d69d42378a45b4f129dfb527a4b1c,Class Labels,Default Classifier,753.6615415920005,8.0,100,DeepFool,10,1024,0.03,586.8652778770011,1.4287956509979267,0.098,1.0,1.0,0.0,0.8999999761581421,0.016352807000657776,0.08,1.0,1.0,0.0,0.8999999761581421
d4e00e1c53c9417a8076658d837c36d8732316b648fa74471a6bf97a0eb4bf4f,12ba572c756e98e382c6cd01c1d7620c20243d807e75fe9f1a77b37ed8c4173fd55d01d0341ed0ba2cd99b322e8c5b609254f47d10c7cd12b99b4922effeba44,a39766b372edf58815b9655fd4c457e035a5571caf4d8de0f2a7d0674a748b02,c8b54b6f40524cd817fdb82255926fd68da54b961c5378cde675e2311a2b2a4b,60000,4750e668ae1fc515e8df0410f2684a00cc53b3bf6c958a07fada8753608a6eae,d4e00e1c53c9417a8076658d837c36d8732316b648fa74471a6bf97a0eb4bf4f,Class Labels,Default Classifier,753.6615415920005,8.0,100,HopSkipJump,10,1024,0.03,158.00321858100142,1.4167997469994589,0.098,1.0,1.0,0.0,0.8999999761581421,0.016260034000879386,0.14,1.0,0.30000001192092896,0.4582575559616089,0.8999999761581421
554b272b16d8f3695886b76970c8640dd88deb3514f8b05c24a4cec9f4e0769a,12ba572c756e98e382c6cd01c1d7620c20243d807e75fe9f1a77b37ed8c4173fd55d01d0341ed0ba2cd99b322e8c5b609254f47d10c7cd12b99b4922effeba44,a39766b372edf58815b9655fd4c457e035a5571caf4d8de0f2a7d0674a748b02,e3cc2d5461ecca7cd52f2de72e000dc59ffba2140ef7dcc1fe786b084216fb06,60000,4750e668ae1fc515e8df0410f2684a00cc53b3bf6c958a07fada8753608a6eae,554b272b16d8f3695886b76970c8640dd88deb3514f8b05c24a4cec9f4e0769a,Class Labels,Default Classifier,753.6615415920005,8.0,100,AdversarialPatch,10,1024,0.03,10.527102956999443,1.4252624649998324,0.098,1.0,1.0,0.0,0.8999999761581421,0.007709539000643417,0.0,1.0,0.20000000298023224,0.4000000059604645,0.8999999761581421
6f5b6af4cb2023e8b96b8c72bdbd1bf6cbfaaae8293bee100fab5d5896d58afe,12ba572c756e98e382c6cd01c1d7620c20243d807e75fe9f1a77b37ed8c4173fd55d01d0341ed0ba2cd99b322e8c5b609254f47d10c7cd12b99b4922effeba44,a39766b372edf58815b9655fd4c457e035a5571caf4d8de0f2a7d0674a748b02,9e6d12933037b2c398e084883c65e708b8f067077bb0a583c2f752c2a2842f4b,60000,4750e668ae1fc515e8df0410f2684a00cc53b3bf6c958a07fada8753608a6eae,6f5b6af4cb2023e8b96b8c72bdbd1bf6cbfaaae8293bee100fab5d5896d58afe,Class Labels,Default Classifier,753.6615415920005,8.0,100,Threshold Attack,10,1024,0.03,39.24957556500158,1.4340521369995258,0.098,1.0,1.0,0.0,0.8999999761581421,0.01664838500073529,0.08,1.0,1.0,0.0,0.8999999761581421
c43119898ebf2a82d53f9b0f1098d44f278c08fb6f4970600f39bee3e211df41,4fadecd93446dd0d92be0961803f1ec092d129e75bb4e35eec54cf710a0cf2e7d55d01d0341ed0ba2cd99b322e8c5b609254f47d10c7cd12b99b4922effeba44,a39766b372edf58815b9655fd4c457e035a5571caf4d8de0f2a7d0674a748b02,ba66d6357b5f69e110dd369d4e3c12f8268ff6495c1f8576342bcc289465d048,60000,ac77c847853c11f0faf8e7bcc8f86014435a8021886e8a72791c63627d0642db,c43119898ebf2a82d53f9b0f1098d44f278c08fb6f4970600f39bee3e211df41,Gaussian Noise,Default Classifier,766.9558846740001,8.0,100,PGD,10,1024,0.03,6.13175528499778,41.179971326997475,0.9964,1.0,0.10000000149011612,0.2997511625289917,1.9227365533058816e-10,0.016964272002951475,0.98,1.0,0.10000000149011612,0.29843106865882874,1.9227365533058816e-10
2c6a24ff1d16ad5f4e5d73faf5024be711baaeecdd3486abd09e273bef224b9e,4fadecd93446dd0d92be0961803f1ec092d129e75bb4e35eec54cf710a0cf2e7d55d01d0341ed0ba2cd99b322e8c5b609254f47d10c7cd12b99b4922effeba44,a39766b372edf58815b9655fd4c457e035a5571caf4d8de0f2a7d0674a748b02,d23348e919d89f865c3ead00dc1d97662777f6664ca557d4cffecd76636e34ce,60000,ac77c847853c11f0faf8e7bcc8f86014435a8021886e8a72791c63627d0642db,2c6a24ff1d16ad5f4e5d73faf5024be711baaeecdd3486abd09e273bef224b9e,Gaussian Noise,Default Classifier,766.9558846740001,8.0,100,FGM,10,1024,0.03,10.287162895998335,1.4002526410004066,0.9964,1.0,0.10000000149011612,0.2997511625289917,1.9227365533058816e-10,0.016332450999470893,0.98,1.0,0.10000000149011612,0.2985855042934418,1.9227365533058816e-10
1f0c8b994f6ad35004452d64ea14b52fe55767bd8cf1cb7f7750cf3c8570f1b6,b42971929636cdf85ad48b8020aa2d70e3e35903d35b2742b5a930965b7c0874d55d01d0341ed0ba2cd99b322e8c5b609254f47d10c7cd12b99b4922effeba44,a39766b372edf58815b9655fd4c457e035a5571caf4d8de0f2a7d0674a748b02,ba66d6357b5f69e110dd369d4e3c12f8268ff6495c1f8576342bcc289465d048,60000,bd81d0b5439cc601d71b1ec8f4eab7454768fe34067c9880a578ddc752fe9d4f,1f0c8b994f6ad35004452d64ea14b52fe55767bd8cf1cb7f7750cf3c8570f1b6,High Confidence,Default Classifier,756.7206403339997,8.0,100,PGD,10,1024,0.03,83.92489610200002,71.38028359700002,0.9984926138076575,0.9951,0.09950631111860275,0.2993345558643341,-0.0004936913028359413,0.03094992699999466,1.0,0.96,0.09595657140016556,0.29445844888687134,-0.0004936913028359413
511493b0d729be02150d13164fb4e20aaa227f2c5124d557723d0c97330093c6,b42971929636cdf85ad48b8020aa2d70e3e35903d35b2742b5a930965b7c0874d55d01d0341ed0ba2cd99b322e8c5b609254f47d10c7cd12b99b4922effeba44,a39766b372edf58815b9655fd4c457e035a5571caf4d8de0f2a7d0674a748b02,d23348e919d89f865c3ead00dc1d97662777f6664ca557d4cffecd76636e34ce,60000,bd81d0b5439cc601d71b1ec8f4eab7454768fe34067c9880a578ddc752fe9d4f,511493b0d729be02150d13164fb4e20aaa227f2c5124d557723d0c97330093c6,High Confidence,Default Classifier,756.7206403339997,8.0,100,FGM,10,1024,0.03,3.2506326540000146,1.3621116709999797,0.9984926138076575,0.9951,0.09950631111860275,0.2993345558643341,-0.0004936913028359413,0.01684534599996823,1.0,0.98,0.09792199730873108,0.2970810532569885,-0.0004936913028359413
dc642d66303f69a3156970e41429917e4300fe161a55701acd3eefa3eb2d4b6d,b42971929636cdf85ad48b8020aa2d70e3e35903d35b2742b5a930965b7c0874d55d01d0341ed0ba2cd99b322e8c5b609254f47d10c7cd12b99b4922effeba44,a39766b372edf58815b9655fd4c457e035a5571caf4d8de0f2a7d0674a748b02,a980e3a638108d57fa0a79d19349b845858659e4d960f4b8effab4ea648f5f2a,60000,bd81d0b5439cc601d71b1ec8f4eab7454768fe34067c9880a578ddc752fe9d4f,dc642d66303f69a3156970e41429917e4300fe161a55701acd3eefa3eb2d4b6d,High Confidence,Default Classifier,756.7206403339997,8.0,100,Carlini,10,1024,0.03,1783.9282591539998,1.392960052000035,0.9984926138076575,0.9951,0.09950631111860275,0.2993345558643341,-0.0004936913028359413,0.017049264999968727,1.0,1.0,0.09999901801347733,0.2999970316886902,-0.0004936913028359413
d6900f558abc4b5056da9decc379bec5037eb585c23e8ebe486fed70808607ed,b42971929636cdf85ad48b8020aa2d70e3e35903d35b2742b5a930965b7c0874d55d01d0341ed0ba2cd99b322e8c5b609254f47d10c7cd12b99b4922effeba44,a39766b372edf58815b9655fd4c457e035a5571caf4d8de0f2a7d0674a748b02,6d0e4950356a6c88a51a7e7ae6942c8e255051c9337709140b2a0bf2a1dd12ee,60000,bd81d0b5439cc601d71b1ec8f4eab7454768fe34067c9880a578ddc752fe9d4f,d6900f558abc4b5056da9decc379bec5037eb585c23e8ebe486fed70808607ed,High Confidence,Default Classifier,756.7206403339997,8.0,100,PixelAttack,10,1024,0.03,14.995867781000015,1.3490306129997407,0.9984926138076575,0.9951,0.09950631111860275,0.2993345558643341,-0.0004936913028359413,0.01634501500029728,1.0,1.0,0.09999894350767136,0.29999685287475586,-0.0004936913028359413
bbe4d3ef082a3d5e1c89529159d61c1397c29d74d050a455af24a6f53f7545da,b42971929636cdf85ad48b8020aa2d70e3e35903d35b2742b5a930965b7c0874d55d01d0341ed0ba2cd99b322e8c5b609254f47d10c7cd12b99b4922effeba44,a39766b372edf58815b9655fd4c457e035a5571caf4d8de0f2a7d0674a748b02,cdc6a469039efd13dc970ac46c748a56dba5e24094027e456cd1653604b3c38f,60000,bd81d0b5439cc601d71b1ec8f4eab7454768fe34067c9880a578ddc752fe9d4f,bbe4d3ef082a3d5e1c89529159d61c1397c29d74d050a455af24a6f53f7545da,High Confidence,Default Classifier,756.7206403339997,8.0,100,DeepFool,10,1024,0.03,576.733662224,1.373110694999923,0.9984926138076575,0.9951,0.09950631111860275,0.2993345558643341,-0.0004936913028359413,0.016863813999862032,0.46835443037974683,0.79,0.07889577746391296,0.2693861126899719,-0.0004936913028359413
a6e1d3822162ac0a66c3528bca9fc6eeeaed94f21e230c9c6fdc595c19259d79,b42971929636cdf85ad48b8020aa2d70e3e35903d35b2742b5a930965b7c0874d55d01d0341ed0ba2cd99b322e8c5b609254f47d10c7cd12b99b4922effeba44,a39766b372edf58815b9655fd4c457e035a5571caf4d8de0f2a7d0674a748b02,c8b54b6f40524cd817fdb82255926fd68da54b961c5378cde675e2311a2b2a4b,60000,bd81d0b5439cc601d71b1ec8f4eab7454768fe34067c9880a578ddc752fe9d4f,a6e1d3822162ac0a66c3528bca9fc6eeeaed94f21e230c9c6fdc595c19259d79,High Confidence,Default Classifier,756.7206403339997,8.0,100,HopSkipJump,10,1024,0.03,593.7323996969999,1.3733779039998808,0.9984926138076575,0.9951,0.09950631111860275,0.2993345558643341,-0.0004936913028359413,0.016805619000024308,0.046511627906976744,0.43,0.042780790477991104,0.20182745158672333,-0.0004936913028359413
19a6a9eaf5255765b7f2a391923d88b9b755b895dfc7455417d41fe944bbed53,b42971929636cdf85ad48b8020aa2d70e3e35903d35b2742b5a930965b7c0874d55d01d0341ed0ba2cd99b322e8c5b609254f47d10c7cd12b99b4922effeba44,a39766b372edf58815b9655fd4c457e035a5571caf4d8de0f2a7d0674a748b02,e3cc2d5461ecca7cd52f2de72e000dc59ffba2140ef7dcc1fe786b084216fb06,60000,bd81d0b5439cc601d71b1ec8f4eab7454768fe34067c9880a578ddc752fe9d4f,19a6a9eaf5255765b7f2a391923d88b9b755b895dfc7455417d41fe944bbed53,High Confidence,Default Classifier,756.7206403339997,8.0,100,AdversarialPatch,10,1024,0.03,149.91372108299993,1.4162880609997046,0.9984926138076575,0.9951,0.09950631111860275,0.2993345558643341,-0.0004936913028359413,43.3790441189999,0.0,0.5,0.04999186471104622,0.21790947020053864,-0.0004936913028359413
af08d7773c9caf1ba58581a08c54ae745c69d008371f02922d3831542349733c,b42971929636cdf85ad48b8020aa2d70e3e35903d35b2742b5a930965b7c0874d55d01d0341ed0ba2cd99b322e8c5b609254f47d10c7cd12b99b4922effeba44,a39766b372edf58815b9655fd4c457e035a5571caf4d8de0f2a7d0674a748b02,9e6d12933037b2c398e084883c65e708b8f067077bb0a583c2f752c2a2842f4b,60000,bd81d0b5439cc601d71b1ec8f4eab7454768fe34067c9880a578ddc752fe9d4f,af08d7773c9caf1ba58581a08c54ae745c69d008371f02922d3831542349733c,High Confidence,Default Classifier,756.7206403339997,8.0,100,Threshold Attack,10,1024,0.03,37.02598141399994,1.3782670620003046,0.9984926138076575,0.9951,0.09950631111860275,0.2993345558643341,-0.0004936913028359413,0.01995474400018793,1.0,1.0,0.09999901801347733,0.2999970316886902,-0.0004936913028359413
2896a85d0444afb0772096e50a348dfe289a263b574cd58d63c55a61b4a27c66,e90c2cff750c5cb926e33ce381f358f569bdf94c06f0f4984543a89baaa7d00ad55d01d0341ed0ba2cd99b322e8c5b609254f47d10c7cd12b99b4922effeba44,a39766b372edf58815b9655fd4c457e035a5571caf4d8de0f2a7d0674a748b02,ba66d6357b5f69e110dd369d4e3c12f8268ff6495c1f8576342bcc289465d048,60000,99c579ca4e51dcecfbc9acc149d5c3aaaef672f75bbfc69297a80f0eebfadc56,2896a85d0444afb0772096e50a348dfe289a263b574cd58d63c55a61b4a27c66,Reverse Sigmoid,Default Classifier,748.4196662329996,8.0,100,PGD,10,1024,0.03,6.462756420000005,12.750511475000167,0.1547,1.0,0.10000000894069672,3.622340955189429e-05,9.112953947010283e-09,0.019735367000066617,0.34,1.0,0.10000001639127731,0.00011482582340249792,9.112953947010283e-09
5e63e55ff2c0461d537f043069fe592441ca2da7a16692b0f02611235f5dec0e,e90c2cff750c5cb926e33ce381f358f569bdf94c06f0f4984543a89baaa7d00ad55d01d0341ed0ba2cd99b322e8c5b609254f47d10c7cd12b99b4922effeba44,a39766b372edf58815b9655fd4c457e035a5571caf4d8de0f2a7d0674a748b02,d23348e919d89f865c3ead00dc1d97662777f6664ca557d4cffecd76636e34ce,60000,99c579ca4e51dcecfbc9acc149d5c3aaaef672f75bbfc69297a80f0eebfadc56,5e63e55ff2c0461d537f043069fe592441ca2da7a16692b0f02611235f5dec0e,Reverse Sigmoid,Default Classifier,748.4196662329996,8.0,100,FGM,10,1024,0.03,4.066233175999969,1.382986356999936,0.1547,1.0,0.10000000894069672,3.622340955189429e-05,9.112953947010283e-09,0.0171528880000551,0.26,1.0,0.10000001639127731,7.441382331307977e-05,9.112953947010283e-09
b6b5eb1fc54fdfc395c40f41a2a41e4fdf87ebf9020480d983f823b4ff99dd64,e90c2cff750c5cb926e33ce381f358f569bdf94c06f0f4984543a89baaa7d00ad55d01d0341ed0ba2cd99b322e8c5b609254f47d10c7cd12b99b4922effeba44,a39766b372edf58815b9655fd4c457e035a5571caf4d8de0f2a7d0674a748b02,a980e3a638108d57fa0a79d19349b845858659e4d960f4b8effab4ea648f5f2a,60000,99c579ca4e51dcecfbc9acc149d5c3aaaef672f75bbfc69297a80f0eebfadc56,b6b5eb1fc54fdfc395c40f41a2a41e4fdf87ebf9020480d983f823b4ff99dd64,Reverse Sigmoid,Default Classifier,748.4196662329996,8.0,100,Carlini,10,1024,0.03,1786.0506090889999,1.405255114999818,0.1547,1.0,0.10000000894069672,3.622340955189429e-05,9.112953947010283e-09,0.01701661600054649,0.15,1.0,0.10000001639127731,2.2911137875780696e-06,9.112953947010283e-09
8b13bcb8f9044831a73b63e3bfd3570a517242330b96f8ad033a42df5dcd31ef,e90c2cff750c5cb926e33ce381f358f569bdf94c06f0f4984543a89baaa7d00ad55d01d0341ed0ba2cd99b322e8c5b609254f47d10c7cd12b99b4922effeba44,a39766b372edf58815b9655fd4c457e035a5571caf4d8de0f2a7d0674a748b02,6d0e4950356a6c88a51a7e7ae6942c8e255051c9337709140b2a0bf2a1dd12ee,60000,99c579ca4e51dcecfbc9acc149d5c3aaaef672f75bbfc69297a80f0eebfadc56,8b13bcb8f9044831a73b63e3bfd3570a517242330b96f8ad033a42df5dcd31ef,Reverse Sigmoid,Default Classifier,748.4196662329996,8.0,100,PixelAttack,10,1024,0.03,14.062406216999989,1.3813286760005212,0.1547,1.0,0.10000000894069672,3.622340955189429e-05,9.112953947010283e-09,0.016897409999728552,0.17,1.0,0.10000001639127731,1.2832101674575824e-06,9.112953947010283e-09
db7540d0e86a0c7fc3fd54caa8d456afc4a10eeb0d29cb167b5f634c06e7553e,e90c2cff750c5cb926e33ce381f358f569bdf94c06f0f4984543a89baaa7d00ad55d01d0341ed0ba2cd99b322e8c5b609254f47d10c7cd12b99b4922effeba44,a39766b372edf58815b9655fd4c457e035a5571caf4d8de0f2a7d0674a748b02,cdc6a469039efd13dc970ac46c748a56dba5e24094027e456cd1653604b3c38f,60000,99c579ca4e51dcecfbc9acc149d5c3aaaef672f75bbfc69297a80f0eebfadc56,db7540d0e86a0c7fc3fd54caa8d456afc4a10eeb0d29cb167b5f634c06e7553e,Reverse Sigmoid,Default Classifier,748.4196662329996,8.0,100,DeepFool,10,1024,0.03,564.8845500590005,1.407452263999403,0.1547,1.0,0.10000000894069672,3.622340955189429e-05,9.112953947010283e-09,0.017593206000128703,0.15,1.0,0.10000001639127731,3.092404949711636e-05,9.112953947010283e-09
b8a1bcadf56229c923c88259be447cf57d02c955cb3f19608368d746a44a9286,e90c2cff750c5cb926e33ce381f358f569bdf94c06f0f4984543a89baaa7d00ad55d01d0341ed0ba2cd99b322e8c5b609254f47d10c7cd12b99b4922effeba44,a39766b372edf58815b9655fd4c457e035a5571caf4d8de0f2a7d0674a748b02,b34530f05b636f2dc9f94519068de6020c9a26d0f4392b0861a4851c7fb456c8,60000,99c579ca4e51dcecfbc9acc149d5c3aaaef672f75bbfc69297a80f0eebfadc56,b8a1bcadf56229c923c88259be447cf57d02c955cb3f19608368d746a44a9286,Reverse Sigmoid,Default Classifier,748.4196662329996,8.0,100,HopSkipJump,10,1024,0.03,170.86105802400016,1.3715697890002048,0.1547,1.0,0.10000000894069672,3.622340955189429e-05,9.112953947010283e-09,0.016890533000150754,0.84,1.0,0.10000000894069672,9.688366844784468e-05,9.112953947010283e-09
bf61058a69497ecf3cb9167389f109a011d738b46aebb42c6ecc9c3db9119dc1,e90c2cff750c5cb926e33ce381f358f569bdf94c06f0f4984543a89baaa7d00ad55d01d0341ed0ba2cd99b322e8c5b609254f47d10c7cd12b99b4922effeba44,a39766b372edf58815b9655fd4c457e035a5571caf4d8de0f2a7d0674a748b02,e3cc2d5461ecca7cd52f2de72e000dc59ffba2140ef7dcc1fe786b084216fb06,60000,99c579ca4e51dcecfbc9acc149d5c3aaaef672f75bbfc69297a80f0eebfadc56,bf61058a69497ecf3cb9167389f109a011d738b46aebb42c6ecc9c3db9119dc1,Reverse Sigmoid,Default Classifier,748.4196662329996,8.0,100,AdversarialPatch,10,1024,0.03,11.189488955999877,1.4185786460002419,0.1547,1.0,0.10000000894069672,3.622340955189429e-05,9.112953947010283e-09,0.009059284000613843,0.0,1.0,0.10000000894069672,3.1021886570670176e-06,9.112953947010283e-09
039469322c5580036afcb48cf4e98c0d02eb746eaa2b26d16fd40c0c432afe05,e90c2cff750c5cb926e33ce381f358f569bdf94c06f0f4984543a89baaa7d00ad55d01d0341ed0ba2cd99b322e8c5b609254f47d10c7cd12b99b4922effeba44,a39766b372edf58815b9655fd4c457e035a5571caf4d8de0f2a7d0674a748b02,9e6d12933037b2c398e084883c65e708b8f067077bb0a583c2f752c2a2842f4b,60000,99c579ca4e51dcecfbc9acc149d5c3aaaef672f75bbfc69297a80f0eebfadc56,039469322c5580036afcb48cf4e98c0d02eb746eaa2b26d16fd40c0c432afe05,Reverse Sigmoid,Default Classifier,748.4196662329996,8.0,100,Threshold Attack,10,1024,0.03,67.87666363100016,1.3920703940002568,0.1547,1.0,0.10000000894069672,3.622340955189429e-05,9.112953947010283e-09,0.016925760000049195,0.16,1.0,0.10000001639127731,2.2757328679290367e-06,9.112953947010283e-09
1dd8a38e893e617715a708e5e2d6f3ec531d09deb220b5586d13c34a34046dae,2000b9d06ab7a1cb73632b5aeb36ea553d6be205602fcaf305a237e7f560ce13d55d01d0341ed0ba2cd99b322e8c5b609254f47d10c7cd12b99b4922effeba44,a39766b372edf58815b9655fd4c457e035a5571caf4d8de0f2a7d0674a748b02,ba66d6357b5f69e110dd369d4e3c12f8268ff6495c1f8576342bcc289465d048,60000,946df631410bb7b2c3029cceedc17d92d3e0f36386113f7f6000a70bf4e5ca5d,1dd8a38e893e617715a708e5e2d6f3ec531d09deb220b5586d13c34a34046dae,Rounded,Default Classifier,760.6875050899998,8.0,100,PGD,10,1024,0.03,6.485102237999854,18.43293217399969,0.9964,1.0,0.10000000149011612,0.29975011944770813,1.9129736683609622e-10,0.017151356999420386,0.98,1.0,0.10000000149011612,0.29839545488357544,1.9129736683609622e-10
182feafa6b2f82c466dbf26c31cbeb1e85ff3a16ae72bc0eb4a2d9bfe2cb173c,2000b9d06ab7a1cb73632b5aeb36ea553d6be205602fcaf305a237e7f560ce13d55d01d0341ed0ba2cd99b322e8c5b609254f47d10c7cd12b99b4922effeba44,a39766b372edf58815b9655fd4c457e035a5571caf4d8de0f2a7d0674a748b02,d23348e919d89f865c3ead00dc1d97662777f6664ca557d4cffecd76636e34ce,60000,946df631410bb7b2c3029cceedc17d92d3e0f36386113f7f6000a70bf4e5ca5d,182feafa6b2f82c466dbf26c31cbeb1e85ff3a16ae72bc0eb4a2d9bfe2cb173c,Rounded,Default Classifier,760.6875050899998,8.0,100,FGM,10,1024,0.03,5.359490301000733,1.4042698350003775,0.9964,1.0,0.10000000149011612,0.29975011944770813,1.9129736683609622e-10,0.01745007599947712,0.98,1.0,0.10000000149011612,0.2984803020954132,1.9129736683609622e-10
2cad6e6d3b7c4613073caaca1e3269f1233e3ca388fd55dba9fc715d141c1fff,2000b9d06ab7a1cb73632b5aeb36ea553d6be205602fcaf305a237e7f560ce13d55d01d0341ed0ba2cd99b322e8c5b609254f47d10c7cd12b99b4922effeba44,a39766b372edf58815b9655fd4c457e035a5571caf4d8de0f2a7d0674a748b02,a980e3a638108d57fa0a79d19349b845858659e4d960f4b8effab4ea648f5f2a,60000,946df631410bb7b2c3029cceedc17d92d3e0f36386113f7f6000a70bf4e5ca5d,2cad6e6d3b7c4613073caaca1e3269f1233e3ca388fd55dba9fc715d141c1fff,Rounded,Default Classifier,760.6875050899998,8.0,100,Carlini,10,1024,0.03,1894.2835368719998,1.425007263000225,0.9964,1.0,0.10000000149011612,0.29975011944770813,1.9129736683609622e-10,0.01760684299915738,0.99,1.0,0.10000000149011612,0.2999662756919861,1.9129736683609622e-10
ff73751091bb11c5b40913dcf42a2e613d5c52fa33311f117cc733fc34bdd722,2000b9d06ab7a1cb73632b5aeb36ea553d6be205602fcaf305a237e7f560ce13d55d01d0341ed0ba2cd99b322e8c5b609254f47d10c7cd12b99b4922effeba44,a39766b372edf58815b9655fd4c457e035a5571caf4d8de0f2a7d0674a748b02,6d0e4950356a6c88a51a7e7ae6942c8e255051c9337709140b2a0bf2a1dd12ee,60000,946df631410bb7b2c3029cceedc17d92d3e0f36386113f7f6000a70bf4e5ca5d,ff73751091bb11c5b40913dcf42a2e613d5c52fa33311f117cc733fc34bdd722,Rounded,Default Classifier,760.6875050899998,8.0,100,PixelAttack,10,1024,0.03,15.198215524000261,1.4428334789990913,0.9964,1.0,0.10000000149011612,0.29975011944770813,1.9129736683609622e-10,0.017423975999918184,1.0,1.0,0.10000000149011612,0.29995518922805786,1.9129736683609622e-10
015a0bc580ddba35e52910da91a5295502d567eb48b745869be3b07d04585c36,2000b9d06ab7a1cb73632b5aeb36ea553d6be205602fcaf305a237e7f560ce13d55d01d0341ed0ba2cd99b322e8c5b609254f47d10c7cd12b99b4922effeba44,a39766b372edf58815b9655fd4c457e035a5571caf4d8de0f2a7d0674a748b02,cdc6a469039efd13dc970ac46c748a56dba5e24094027e456cd1653604b3c38f,60000,946df631410bb7b2c3029cceedc17d92d3e0f36386113f7f6000a70bf4e5ca5d,015a0bc580ddba35e52910da91a5295502d567eb48b745869be3b07d04585c36,Rounded,Default Classifier,760.6875050899998,8.0,100,DeepFool,10,1024,0.03,584.588578932,1.4417556280004646,0.9964,1.0,0.10000000149011612,0.29975011944770813,1.9129736683609622e-10,0.01704172700010531,0.37,1.0,0.10000000149011612,0.28526341915130615,1.9129736683609622e-10
43e94a89b2fdef6216ca3741eaf30d7364d69bd10cd4b77bc98b388ae3ee658e,2000b9d06ab7a1cb73632b5aeb36ea553d6be205602fcaf305a237e7f560ce13d55d01d0341ed0ba2cd99b322e8c5b609254f47d10c7cd12b99b4922effeba44,a39766b372edf58815b9655fd4c457e035a5571caf4d8de0f2a7d0674a748b02,b34530f05b636f2dc9f94519068de6020c9a26d0f4392b0861a4851c7fb456c8,60000,946df631410bb7b2c3029cceedc17d92d3e0f36386113f7f6000a70bf4e5ca5d,43e94a89b2fdef6216ca3741eaf30d7364d69bd10cd4b77bc98b388ae3ee658e,Rounded,Default Classifier,760.6875050899998,8.0,100,HopSkipJump,10,1024,0.03,165.17586502300037,1.4424419429997215,0.9964,1.0,0.10000000149011612,0.29975011944770813,1.9129736683609622e-10,0.018685020000702934,0.02,1.0,0.10000000149011612,0.2969188690185547,1.9129736683609622e-10
27082c313b649deb37a17181ccb9ed5c9cfa5c3dd67bfe5f9553912a642415c8,2000b9d06ab7a1cb73632b5aeb36ea553d6be205602fcaf305a237e7f560ce13d55d01d0341ed0ba2cd99b322e8c5b609254f47d10c7cd12b99b4922effeba44,a39766b372edf58815b9655fd4c457e035a5571caf4d8de0f2a7d0674a748b02,e3cc2d5461ecca7cd52f2de72e000dc59ffba2140ef7dcc1fe786b084216fb06,60000,946df631410bb7b2c3029cceedc17d92d3e0f36386113f7f6000a70bf4e5ca5d,27082c313b649deb37a17181ccb9ed5c9cfa5c3dd67bfe5f9553912a642415c8,Rounded,Default Classifier,760.6875050899998,8.0,100,AdversarialPatch,10,1024,0.03,11.17750088899993,1.4093360129991197,0.9964,1.0,0.10000000149011612,0.29975011944770813,1.9129736683609622e-10,0.00872092600002361,0.0,1.0,0.10000000149011612,0.2999703884124756,1.9129736683609622e-10
d558dd5e7b6e10652e141b19f32db82001e6829ac6e4987459b6e578ee8858ff,2000b9d06ab7a1cb73632b5aeb36ea553d6be205602fcaf305a237e7f560ce13d55d01d0341ed0ba2cd99b322e8c5b609254f47d10c7cd12b99b4922effeba44,a39766b372edf58815b9655fd4c457e035a5571caf4d8de0f2a7d0674a748b02,9e6d12933037b2c398e084883c65e708b8f067077bb0a583c2f752c2a2842f4b,60000,946df631410bb7b2c3029cceedc17d92d3e0f36386113f7f6000a70bf4e5ca5d,d558dd5e7b6e10652e141b19f32db82001e6829ac6e4987459b6e578ee8858ff,Rounded,Default Classifier,760.6875050899998,8.0,100,Threshold Attack,10,1024,0.03,38.627684907,1.4248934170009306,0.9964,1.0,0.10000000149011612,0.29975011944770813,1.9129736683609622e-10,0.016932495000219205,1.0,1.0,0.10000000149011612,0.2999970614910126,1.9129736683609622e-10
321ffd454b9576f8fc4350a512b697ca0e23983f0171eaa983ff5c9ed6091907,1fee310a80a3f767cc89c4ad506d114dadbf9849b882b197d4bbcb38de81fe1cd55d01d0341ed0ba2cd99b322e8c5b609254f47d10c7cd12b99b4922effeba44,a39766b372edf58815b9655fd4c457e035a5571caf4d8de0f2a7d0674a748b02,df03a3aaef731f0a1cbcd197e4d3c3c69cde6303a843f32a122f09e33a510377,60000,a4bc4c9947c24d479ce1840be1200692b3cfa431d455bb66781dbabe61c666ef,321ffd454b9576f8fc4350a512b697ca0e23983f0171eaa983ff5c9ed6091907,Gaussian Augmentation,Default Classifier,926.982959575,8.0,100,PGD,10,1024,0.01,56.34483416100011,25.312360964999925,0.9966,1.0,0.10000000149011612,0.2997569441795349,1.6650339440538175e-10,0.022420410999984597,1.0,1.0,0.10000000149011612,0.29987266659736633,1.6650339440538175e-10
41d9a85fa40f2597936703be17f6b106d23b0ba648c0061d5f1e20bba416c7e5,1fee310a80a3f767cc89c4ad506d114dadbf9849b882b197d4bbcb38de81fe1cd55d01d0341ed0ba2cd99b322e8c5b609254f47d10c7cd12b99b4922effeba44,a39766b372edf58815b9655fd4c457e035a5571caf4d8de0f2a7d0674a748b02,0eccfe41730f0e712aa42ea4e2e82f3e73394c0990ee44f62592c64aad05bd54,60000,a4bc4c9947c24d479ce1840be1200692b3cfa431d455bb66781dbabe61c666ef,41d9a85fa40f2597936703be17f6b106d23b0ba648c0061d5f1e20bba416c7e5,Gaussian Augmentation,Default Classifier,926.982959575,8.0,100,FGM,10,1024,0.01,2.737332583000125,1.2898687499998687,0.9966,1.0,0.10000000149011612,0.2997569441795349,1.6650339440538175e-10,0.01538697000000866,1.0,1.0,0.10000000149011612,0.29989105463027954,1.6650339440538175e-10
4927a72b7538d26639290de6c79ce3f311565f34a4421f6b31d5a6cf519d24ea,1fee310a80a3f767cc89c4ad506d114dadbf9849b882b197d4bbcb38de81fe1cd55d01d0341ed0ba2cd99b322e8c5b609254f47d10c7cd12b99b4922effeba44,a39766b372edf58815b9655fd4c457e035a5571caf4d8de0f2a7d0674a748b02,52038f4cf5db598891ea197d2d1ee13855c19b983416677776ca403509568919,60000,a4bc4c9947c24d479ce1840be1200692b3cfa431d455bb66781dbabe61c666ef,4927a72b7538d26639290de6c79ce3f311565f34a4421f6b31d5a6cf519d24ea,Gaussian Augmentation,Default Classifier,926.982959575,8.0,100,Carlini,10,1024,0.01,1630.8931586580002,1.3185529570000654,0.9966,1.0,0.10000000149011612,0.2997569441795349,1.6650339440538175e-10,0.015544777000286558,0.99,1.0,0.10000000149011612,0.2999948263168335,1.6650339440538175e-10
0ec2a7aa5918b76507ade92d098c5511ead6df4d3a8945af2210b3e1622cf885,1fee310a80a3f767cc89c4ad506d114dadbf9849b882b197d4bbcb38de81fe1cd55d01d0341ed0ba2cd99b322e8c5b609254f47d10c7cd12b99b4922effeba44,a39766b372edf58815b9655fd4c457e035a5571caf4d8de0f2a7d0674a748b02,302f59bde2df37f8101d0d085a76cae317d87b2dd8afc6e590d0815c6d408b7e,60000,a4bc4c9947c24d479ce1840be1200692b3cfa431d455bb66781dbabe61c666ef,0ec2a7aa5918b76507ade92d098c5511ead6df4d3a8945af2210b3e1622cf885,Gaussian Augmentation,Default Classifier,926.982959575,8.0,100,PixelAttack,10,1024,0.01,10.078690518999792,1.2951051489999372,0.9966,1.0,0.10000000149011612,0.2997569441795349,1.6650339440538175e-10,0.015649806000055833,1.0,1.0,0.10000000149011612,0.2993657886981964,1.6650339440538175e-10
981841d76022d0c9853b83ea089eba5058a4296882cd1ede9214abdc33cbb36b,1fee310a80a3f767cc89c4ad506d114dadbf9849b882b197d4bbcb38de81fe1cd55d01d0341ed0ba2cd99b322e8c5b609254f47d10c7cd12b99b4922effeba44,a39766b372edf58815b9655fd4c457e035a5571caf4d8de0f2a7d0674a748b02,cdc6a469039efd13dc970ac46c748a56dba5e24094027e456cd1653604b3c38f,60000,a4bc4c9947c24d479ce1840be1200692b3cfa431d455bb66781dbabe61c666ef,981841d76022d0c9853b83ea089eba5058a4296882cd1ede9214abdc33cbb36b,Gaussian Augmentation,Default Classifier,926.982959575,8.0,100,DeepFool,10,1024,0.01,536.446659917,1.3036249239999051,0.9966,1.0,0.10000000149011612,0.2997569441795349,1.6650339440538175e-10,0.015712847000031616,0.39,1.0,0.10000000149011612,0.29043394327163696,1.6650339440538175e-10
c93a9e08333cef80920384a104a98ed4aaef75deeac8f58b810a5ef765f10790,1fee310a80a3f767cc89c4ad506d114dadbf9849b882b197d4bbcb38de81fe1cd55d01d0341ed0ba2cd99b322e8c5b609254f47d10c7cd12b99b4922effeba44,a39766b372edf58815b9655fd4c457e035a5571caf4d8de0f2a7d0674a748b02,c8b54b6f40524cd817fdb82255926fd68da54b961c5378cde675e2311a2b2a4b,60000,a4bc4c9947c24d479ce1840be1200692b3cfa431d455bb66781dbabe61c666ef,c93a9e08333cef80920384a104a98ed4aaef75deeac8f58b810a5ef765f10790,Gaussian Augmentation,Default Classifier,926.982959575,8.0,100,HopSkipJump,10,1024,0.01,573.923547547,1.3093454569998357,0.9966,1.0,0.10000000149011612,0.2997569441795349,1.6650339440538175e-10,0.015366180000000895,0.02,1.0,0.10000000149011612,0.29791003465652466,1.6650339440538175e-10
5ba7a29eeb720535077528c7b973d760b7e69ac2c56e093367a8addd2fb6e476,1fee310a80a3f767cc89c4ad506d114dadbf9849b882b197d4bbcb38de81fe1cd55d01d0341ed0ba2cd99b322e8c5b609254f47d10c7cd12b99b4922effeba44,a39766b372edf58815b9655fd4c457e035a5571caf4d8de0f2a7d0674a748b02,e3cc2d5461ecca7cd52f2de72e000dc59ffba2140ef7dcc1fe786b084216fb06,60000,a4bc4c9947c24d479ce1840be1200692b3cfa431d455bb66781dbabe61c666ef,5ba7a29eeb720535077528c7b973d760b7e69ac2c56e093367a8addd2fb6e476,Gaussian Augmentation,Default Classifier,926.982959575,8.0,100,AdversarialPatch,10,1024,0.01,152.24703421500044,1.3330678259999331,0.9966,1.0,0.10000000149011612,0.2997569441795349,1.6650339440538175e-10,45.869765027000085,0.0,1.0,0.10000000149011612,0.2833304703235626,1.6650339440538175e-10
2035a8246e16545f90851da75e0b8ce8ff9661a6a17518a0ebbbb1dc6be4bbc2,1fee310a80a3f767cc89c4ad506d114dadbf9849b882b197d4bbcb38de81fe1cd55d01d0341ed0ba2cd99b322e8c5b609254f47d10c7cd12b99b4922effeba44,a39766b372edf58815b9655fd4c457e035a5571caf4d8de0f2a7d0674a748b02,3d9d32b47705abf1c234f8e6a5edbc620f2bd6b7b37ff51cc2797858f4e96c35,60000,a4bc4c9947c24d479ce1840be1200692b3cfa431d455bb66781dbabe61c666ef,2035a8246e16545f90851da75e0b8ce8ff9661a6a17518a0ebbbb1dc6be4bbc2,Gaussian Augmentation,Default Classifier,926.982959575,8.0,100,Threshold Attack,10,1024,0.01,85.3107212470004,1.2979284120001466,0.9966,1.0,0.10000000149011612,0.2997569441795349,1.6650339440538175e-10,0.015783398999701603,1.0,1.0,0.10000000149011612,0.29999715089797974,1.6650339440538175e-10
bc858a0f97cb46003e3aaac0dc2d42bcf5cceaae911168f92d078afae73dc5fa,0ca8e88dc7f5466ffdb7209030883ba16454419c8959e1bfdfb160ed78462915d55d01d0341ed0ba2cd99b322e8c5b609254f47d10c7cd12b99b4922effeba44,a39766b372edf58815b9655fd4c457e035a5571caf4d8de0f2a7d0674a748b02,f40468caf8a101cd899c4eb02d1642eececda5f72c5d828be0fb90d345ad7998,60000,0a59a560cab77aa48fcf83de31450e5374e97730818f9e0c6697cebf38969f7c,bc858a0f97cb46003e3aaac0dc2d42bcf5cceaae911168f92d078afae73dc5fa,Gaussian Augmentation,Default Classifier,900.8662435230001,8.0,100,PGD,10,1024,11.0,66.60698236999997,29.896175647000064,0.9773,1.0,0.10000000149011612,0.2992042899131775,3.523119643245032e-11,0.024539915999866935,0.0,1.0,0.10000000149011612,0.29999998211860657,3.523119643245032e-11
8a00a7de8a1f90eb8933af453eda84351f7d7d3bd742b899809127986dc87c26,0ca8e88dc7f5466ffdb7209030883ba16454419c8959e1bfdfb160ed78462915d55d01d0341ed0ba2cd99b322e8c5b609254f47d10c7cd12b99b4922effeba44,a39766b372edf58815b9655fd4c457e035a5571caf4d8de0f2a7d0674a748b02,7280ebe88a8af85c577149c06a1f145029c051aad32b071869ad12f15f10722d,60000,0a59a560cab77aa48fcf83de31450e5374e97730818f9e0c6697cebf38969f7c,8a00a7de8a1f90eb8933af453eda84351f7d7d3bd742b899809127986dc87c26,Gaussian Augmentation,Default Classifier,900.8662435230001,8.0,100,FGM,10,1024,11.0,2.615502116000016,1.2947541149999324,0.9773,1.0,0.10000000149011612,0.2992042899131775,3.523119643245032e-11,0.015181919000042399,0.15,1.0,0.10000000149011612,0.28766772150993347,3.523119643245032e-11
10b3cb26445d4c23d027dec5868f3ae1f5b6433e3301f21871ce50bb0ff3be3d,0ca8e88dc7f5466ffdb7209030883ba16454419c8959e1bfdfb160ed78462915d55d01d0341ed0ba2cd99b322e8c5b609254f47d10c7cd12b99b4922effeba44,a39766b372edf58815b9655fd4c457e035a5571caf4d8de0f2a7d0674a748b02,b2060ceeaed581151d180a2cea22f198f8b8b7f7323684587aa08b38336addbe,60000,0a59a560cab77aa48fcf83de31450e5374e97730818f9e0c6697cebf38969f7c,10b3cb26445d4c23d027dec5868f3ae1f5b6433e3301f21871ce50bb0ff3be3d,Gaussian Augmentation,Default Classifier,900.8662435230001,8.0,100,Carlini,10,1024,11.0,1600.4307011950002,1.2928846080003495,0.9773,1.0,0.10000000149011612,0.2992042899131775,3.523119643245032e-11,0.015548933999980363,0.98,1.0,0.10000000149011612,0.298675000667572,3.523119643245032e-11
836ce5b483872dc762414b40fcf9ed0694b542090183273347bfb643c0b70ef0,0ca8e88dc7f5466ffdb7209030883ba16454419c8959e1bfdfb160ed78462915d55d01d0341ed0ba2cd99b322e8c5b609254f47d10c7cd12b99b4922effeba44,a39766b372edf58815b9655fd4c457e035a5571caf4d8de0f2a7d0674a748b02,8a173d1cf20e54dfa59ffe6cba5f09b3948f37ac39787efd9d1dee0eea225741,60000,0a59a560cab77aa48fcf83de31450e5374e97730818f9e0c6697cebf38969f7c,836ce5b483872dc762414b40fcf9ed0694b542090183273347bfb643c0b70ef0,Gaussian Augmentation,Default Classifier,900.8662435230001,8.0,100,PixelAttack,10,1024,11.0,116.32305503999987,1.2894356629999493,0.9773,1.0,0.10000000149011612,0.2992042899131775,3.523119643245032e-11,0.01554744600025515,0.57,1.0,0.10000000149011612,0.2832842469215393,3.523119643245032e-11
2c36b22033bceec4eabb7c874484b1f3e6fbe220814d1fbf7a9cbe1a13e2157b,0ca8e88dc7f5466ffdb7209030883ba16454419c8959e1bfdfb160ed78462915d55d01d0341ed0ba2cd99b322e8c5b609254f47d10c7cd12b99b4922effeba44,a39766b372edf58815b9655fd4c457e035a5571caf4d8de0f2a7d0674a748b02,cdc6a469039efd13dc970ac46c748a56dba5e24094027e456cd1653604b3c38f,60000,0a59a560cab77aa48fcf83de31450e5374e97730818f9e0c6697cebf38969f7c,2c36b22033bceec4eabb7c874484b1f3e6fbe220814d1fbf7a9cbe1a13e2157b,Gaussian Augmentation,Default Classifier,900.8662435230001,8.0,100,DeepFool,10,1024,11.0,551.0955902399996,1.2966475589996662,0.9773,1.0,0.10000000149011612,0.2992042899131775,3.523119643245032e-11,0.01572722099990642,0.8,1.0,0.10000000149011612,0.2955503761768341,3.523119643245032e-11
5beafcff8f398114012cc273fc42720451b6a487a142cfe38ad0378e51d5ae08,0ca8e88dc7f5466ffdb7209030883ba16454419c8959e1bfdfb160ed78462915d55d01d0341ed0ba2cd99b322e8c5b609254f47d10c7cd12b99b4922effeba44,a39766b372edf58815b9655fd4c457e035a5571caf4d8de0f2a7d0674a748b02,c8b54b6f40524cd817fdb82255926fd68da54b961c5378cde675e2311a2b2a4b,60000,0a59a560cab77aa48fcf83de31450e5374e97730818f9e0c6697cebf38969f7c,5beafcff8f398114012cc273fc42720451b6a487a142cfe38ad0378e51d5ae08,Gaussian Augmentation,Default Classifier,900.8662435230001,8.0,100,HopSkipJump,10,1024,11.0,535.975173579,1.2904515639997953,0.9773,1.0,0.10000000149011612,0.2992042899131775,3.523119643245032e-11,0.015438629000072979,0.16,1.0,0.10000000149011612,0.2934945523738861,3.523119643245032e-11
ffa5d4e30e6fa80c45fdd7df9c2df94c8e9c93267bcab286fa98749ebb52e2db,0ca8e88dc7f5466ffdb7209030883ba16454419c8959e1bfdfb160ed78462915d55d01d0341ed0ba2cd99b322e8c5b609254f47d10c7cd12b99b4922effeba44,a39766b372edf58815b9655fd4c457e035a5571caf4d8de0f2a7d0674a748b02,e3cc2d5461ecca7cd52f2de72e000dc59ffba2140ef7dcc1fe786b084216fb06,60000,0a59a560cab77aa48fcf83de31450e5374e97730818f9e0c6697cebf38969f7c,ffa5d4e30e6fa80c45fdd7df9c2df94c8e9c93267bcab286fa98749ebb52e2db,Gaussian Augmentation,Default Classifier,900.8662435230001,8.0,100,AdversarialPatch,10,1024,11.0,140.50057614299976,1.3255304470003466,0.9773,1.0,0.10000000149011612,0.2992042899131775,3.523119643245032e-11,40.591733922,0.0,1.0,0.10000000149011612,0.29054394364356995,3.523119643245032e-11
44166e56bdfd653209e33ee7c437d9df3aa8b684cf05a66cdef225f6b0af7629,0ca8e88dc7f5466ffdb7209030883ba16454419c8959e1bfdfb160ed78462915d55d01d0341ed0ba2cd99b322e8c5b609254f47d10c7cd12b99b4922effeba44,a39766b372edf58815b9655fd4c457e035a5571caf4d8de0f2a7d0674a748b02,c866f497e3eb7821e7b553ae1ee54a22d6394bea50b1e60d9cc041ff4591a564,60000,0a59a560cab77aa48fcf83de31450e5374e97730818f9e0c6697cebf38969f7c,44166e56bdfd653209e33ee7c437d9df3aa8b684cf05a66cdef225f6b0af7629,Gaussian Augmentation,Default Classifier,900.8662435230001,8.0,100,Threshold Attack,10,1024,11.0,49.04878529100006,1.284122517000469,0.9773,1.0,0.10000000149011612,0.2992042899131775,3.523119643245032e-11,0.015565982999760308,0.98,1.0,0.10000000149011612,0.2991603910923004,3.523119643245032e-11
